#SampleID	IDstring	Country	Region	FamilyID	FamilyMember	Age	Zygosity	Gender	BMI	BreastFed	SequenceCount	BarcodeSequence	LinkerSequence	RunPrefix	FlowcellLane
Amz10baby.418545	Amz10baby	Venezuela	Platanillal	AmzP_NA	NA	0,5	NA	NA	19,04296875	Yes	1612732	GTATGACTGGCT	GGACTACHVGGGTWTCTAAT	559	4
Amz11inf.418832	Amz11inf	Venezuela	Platanillal	AmzP_NA	NA	1	NA	Male	15,3845065640561	Yes	1289964	GTGATAGTGCCG	GGACTACHVGGGTWTCTAAT	559	5
Amz12inf.418624	Amz12inf	Venezuela	Platanillal	AmzP_NA	NA	1	NA	NA	15,6444444444444	Yes	1472510	TAGATCCTCGAT	GGACTACHVGGGTWTCTAAT	559	4
Amz13chld.418761	Amz13chld	Venezuela	Platanillal	AmzP_NA	NA	1,166666667	NA	Female	15,7871972318339	Yes	1676899	GTGGCGATACAC	GGACTACHVGGGTWTCTAAT	559	5
Amz14chld.418565	Amz14chld	Venezuela	Platanillal	AmzP_NA	NA	1,166666667	NA	Female	15,1524490466798	Yes	2690592	TACGCGCTGAGA	GGACTACHVGGGTWTCTAAT	559	4
Amz15chld.418538	Amz15chld	Venezuela	Platanillal	AmzP_NA	NA	1,5	NA	NA	NA	Yes	1903249	GTACAAGAGTGA	GGACTACHVGGGTWTCTAAT	559	4
Amz16chld.418563	Amz16chld	Venezuela	Platanillal	AmzP_NA	NA	1,666666667	NA	Male	16,0230732254446	Yes	2030866	GTCGTAGCCAGA	GGACTACHVGGGTWTCTAAT	559	5
Amz17chld.418460	Amz17chld	Venezuela	Platanillal	AmzP_NA	NA	2	NA	Male	15,9131469363474	Yes	2173196	TAACAGTCGCTG	GGACTACHVGGGTWTCTAAT	559	4
Amz18chld.418680	Amz18chld	Venezuela	Platanillal	AmzP_NA	NA	3	NA	Female	14,2182207704107	NA	1560542	GTCTCATGTAGG	GGACTACHVGGGTWTCTAAT	559	5
Amz19chld.418410	Amz19chld	Venezuela	Platanillal	AmzP_NA	NA	4	NA	NA	16,3023789397416	NA	2079320	GTAGTGTCTAGC	GGACTACHVGGGTWTCTAAT	559	4
Amz1baby.418645	Amz1baby	Venezuela	Platanillal	AmzP1	Brother	0,25	NA	Male	NA	Yes	2192400	GCTTACATCGAG	GGACTACHVGGGTWTCTAAT	559	4
Amz1teenF.418404	Amz1teenF	Venezuela	Platanillal	AmzP1	Sister	15	NA	Female	24,7245364149422	NA	2984814	GTATGTTGCTCA	GGACTACHVGGGTWTCTAAT	559	5
Amz20chld.418556	Amz20chld	Venezuela	Platanillal	AmzP_NA	NA	4	NA	NA	16,2429580485573	NA	1514460	GTTGACGACAGC	GGACTACHVGGGTWTCTAAT	559	4
Amz21chld.418413	Amz21chld	Venezuela	Platanillal	AmzP_NA	NA	5	NA	NA	15,4149540469209	NA	1033002	GTACTCTAGACT	GGACTACHVGGGTWTCTAAT	559	5
Amz22chld.418485	Amz22chld	Venezuela	Platanillal	AmzP_NA	NA	6	NA	Female	14,7380613033995	NA	1114489	GGTCACTGACAG	GGACTACHVGGGTWTCTAAT	559	4
Amz23chld.418722	Amz23chld	Venezuela	Platanillal	AmzP_NA	NA	7	NA	NA	15,8965848545725	NA	1687745	TAGCACACCTAT	GGACTACHVGGGTWTCTAAT	559	5
Amz24chld.418412	Amz24chld	Venezuela	Platanillal	AmzP_NA	NA	7	NA	NA	14,2399430402278	NA	1186537	GTTGTATACTCG	GGACTACHVGGGTWTCTAAT	559	5
Amz25chld.418466	Amz25chld	Venezuela	Platanillal	AmzP_NA	NA	8	NA	NA	15,1984877126654	NA	1752289	GTCTATCGGAGT	GGACTACHVGGGTWTCTAAT	559	5
Amz26chld.418481	Amz26chld	Venezuela	Platanillal	AmzP_NA	NA	9	NA	NA	15,8790170132325	NA	1298878	TAGCCTCTCTGC	GGACTACHVGGGTWTCTAAT	559	4
Amz27chld.418705	Amz27chld	Venezuela	Platanillal	AmzP_NA	NA	9	NA	NA	15,8512421886907	NA	2052489	GGACGTCACAGT	GGACTACHVGGGTWTCTAAT	559	5
Amz28chld.418508	Amz28chld	Venezuela	Platanillal	AmzP_NA	NA	11	NA	NA	15,8579881656805	NA	1918718	TACACACATGGC	GGACTACHVGGGTWTCTAAT	559	5
Amz29adlt.418370	Amz29adlt	Venezuela	Platanillal	AmzP_NA	NA	39	NA	Male	27,1808999081726	NA	2265828	TACGGTATGTCT	GGACTACHVGGGTWTCTAAT	559	5
Amz2adltF.418633	Amz2adltF	Venezuela	Platanillal	AmzP2	Mother	35	NA	Female	NA	NA	1329167	TAGCATCGTGGT	GGACTACHVGGGTWTCTAAT	559	4
Amz2infF.418430	Amz2infF	Venezuela	Platanillal	AmzP2	Daughter	1	NA	Female	NA	Yes	1535978	GTATCCATGCGA	GGACTACHVGGGTWTCTAAT	559	4
Amz30adlt.418837	Amz30adlt	Venezuela	Platanillal	AmzP_NA	NA	45	NA	NA	24,8275862068966	NA	3160879	TACTAATCTGCG	GGACTACHVGGGTWTCTAAT	559	4
Amz31adlt.418759	Amz31adlt	Venezuela	Platanillal	AmzP_NA	NA	49	NA	NA	26,9064704141106	NA	1386254	GGTCGTAGCGTA	GGACTACHVGGGTWTCTAAT	559	5
Amz32eldF.418511	Amz32eldF	Venezuela	Platanillal	AmzP_NA	NA	56	NA	Female	16,6119742378236	NA	2733137	GCTTGCGAGACA	GGACTACHVGGGTWTCTAAT	559	5
Amz33eld.418866	Amz33eld	Venezuela	Platanillal	AmzP_NA	NA	66	NA	Female	19,0326505119533	NA	450479	GTACGGCATACG	GGACTACHVGGGTWTCTAAT	559	5
Amz34eld.418382	Amz34eld	Venezuela	Platanillal	AmzP_NA	NA	74	NA	Male	NA	NA	2670830	TACTGCGACAGT	GGACTACHVGGGTWTCTAAT	559	5
Amz3chldF3.418426	Amz3chldF3	Venezuela	Platanillal	AmzP3	Sister	10	NA	Female	18,6788879411297	NA	1094714	TAGCGACATCTG	GGACTACHVGGGTWTCTAAT	559	5
Amz3chldM1.418601	Amz3chldM1	Venezuela	Platanillal	AmzP3	Brother	3	NA	Male	14,7558270521097	NA	5429319	GCTTCATAGTGT	GGACTACHVGGGTWTCTAAT	559	4
Amz3chldM2.418434	Amz3chldM2	Venezuela	Platanillal	AmzP3	Brother	4	NA	Male	16,7194221248275	NA	1385554	GTCGCTGTCTTC	GGACTACHVGGGTWTCTAAT	559	4
Amz4adltF.418711	Amz4adltF	Venezuela	Platanillal	AmzP4	Mother	28	NA	Female	27,0383448597233	NA	1312173	GTCGTGTGTCAA	GGACTACHVGGGTWTCTAAT	559	4
Amz4chldM1.418767	Amz4chldM1	Venezuela	Platanillal	AmzP4	Son	5	NA	Male	17,4036533749165	NA	1150729	GTGCACATTATC	GGACTACHVGGGTWTCTAAT	559	4
Amz4chldM2.418774	Amz4chldM2	Venezuela	Platanillal	AmzP4	Son	6	NA	Male	18,1914113893332	NA	1465304	GGTGCGTGTATG	GGACTACHVGGGTWTCTAAT	559	4
Amz5chldF1.418757	Amz5chldF1	Venezuela	Platanillal	AmzP5	Sister	9	NA	Female	14,0999883928272	NA	1980551	GTATATCCGCAG	GGACTACHVGGGTWTCTAAT	559	5
Amz5chldF2.418405	Amz5chldF2	Venezuela	Platanillal	AmzP5	Sister	11	NA	Female	16,5100188187904	NA	1594503	GTCTACACACAT	GGACTACHVGGGTWTCTAAT	559	4
Amz5chldM.418822	Amz5chldM	Venezuela	Platanillal	AmzP5	Brother	11	NA	Male	19,4998053104881	NA	3220508	TACTACATGGTC	GGACTACHVGGGTWTCTAAT	559	5
Amz5eldF.418421	Amz5eldF	Venezuela	Platanillal	AmzP5	Grandmother	73	NA	Female	22,0329916581127	NA	1711107	GTGTACCTATCA	GGACTACHVGGGTWTCTAAT	559	5
Amz5teenF.418519	Amz5teenF	Venezuela	Platanillal	AmzP5	Sister	18	NA	Female	20,6950224600344	NA	1581096	TAACTCTGATGC	GGACTACHVGGGTWTCTAAT	559	4
Amz6chldM.418668	Amz6chldM	Venezuela	Platanillal	AmzP6	Son	11	NA	Male	NA	NA	2329071	GTGCAATCGACG	GGACTACHVGGGTWTCTAAT	559	4
Amz6eldF.418597	Amz6eldF	Venezuela	Platanillal	AmzP6	Grandmother	60	NA	Female	33,2686793725755	NA	628569	GTGAGGTCGCTA	GGACTACHVGGGTWTCTAAT	559	4
Amz6eldM.418356	Amz6eldM	Venezuela	Platanillal	AmzP6	Father	80	NA	Male	26,2692492570022	NA	1544138	GCTGTGTAGGAC	GGACTACHVGGGTWTCTAAT	559	5
Amz6teen.418569	Amz6teen	Venezuela	Platanillal	AmzP6	Granddaughter	14	NA	Female	26,665497127319	NA	1288489	GTATGCGCTGTA	GGACTACHVGGGTWTCTAAT	559	5
Amz7adltF.418395	Amz7adltF	Venezuela	Platanillal	AmzP7	DaughterAdlt	29	NA	Female	24,2289935364728	NA	1188421	TAAGCGCAGCAC	GGACTACHVGGGTWTCTAAT	559	5
Amz7eldM.418423	Amz7eldM	Venezuela	Platanillal	AmzP7	FatherAdlt	53	NA	Male	26,1465130269795	NA	1281332	GCTGTAGTATGC	GGACTACHVGGGTWTCTAAT	559	4
Amz9baby.418635	Amz9baby	Venezuela	Platanillal	AmzP_NA	NA	0,416666667	NA	Male	14,2439737034332	Yes	1953951	TACGTGTACGTG	GGACTACHVGGGTWTCTAAT	559	4
AmzC10adltF1.418809	AmzC10adltF1	Venezuela	Coromoto	AmzC10	SisterAdlt	22	NA	Female	35,9765625	NA	1752677	TAGTGTGCTTCA	GGACTACHVGGGTWTCTAAT	559	6
AmzC10adltF2.418591	AmzC10adltF2	Venezuela	Coromoto	AmzC10	SisterAdlt	24	NA	Female	41,2268409856749	NA	1870621	TAGACTGTACTC	GGACTACHVGGGTWTCTAAT	559	6
AmzC11adltF1.418359	AmzC11adltF1	Venezuela	Coromoto	AmzC11	SisterAdlt	37	NA	Female	39,2277579974229	NA	1503354	GTTCGCGTATAG	GGACTACHVGGGTWTCTAAT	559	6
AmzC11adltF2.418843	AmzC11adltF2	Venezuela	Coromoto	AmzC11	SisterAdlt	23	NA	Female	28,2807242429098	NA	1097380	TACTTCGCTCGC	GGACTACHVGGGTWTCTAAT	559	6
AmzC11adltF3.418391	AmzC11adltF3	Venezuela	Coromoto	AmzC11	Mother	60	NA	Female	25,4496139975865	NA	844801	GGCGTACTGATG	GGACTACHVGGGTWTCTAAT	559	6
AmzC12adltF.418473	AmzC12adltF	Venezuela	Coromoto	AmzC12	Mother	40	NA	Female	27,1828906704137	NA	1050226	GTCTTCGTCGCT	GGACTACHVGGGTWTCTAAT	559	6
AmzC12chldM.418512	AmzC12chldM	Venezuela	Coromoto	AmzC12	Son	4	NA	Male	18,7	NA	1569312	TAGCGGATCACG	GGACTACHVGGGTWTCTAAT	559	5
AmzC13babyF.418665	AmzC13babyF	Venezuela	Coromoto	AmzC_NA	NA	0,33	NA	Female	NA	Yes	2487275	GGATCGCAGATC	GGACTACHVGGGTWTCTAAT	559	5
AmzC14infF.418354	AmzC14infF	Venezuela	Coromoto	AmzC_NA	NA	0,917	NA	Female	16,2941007596155	Yes	2338576	GTCTCTCTACGC	GGACTACHVGGGTWTCTAAT	559	5
AmzC15infF.418468	AmzC15infF	Venezuela	Coromoto	AmzC_NA	NA	0,75	NA	Male	14,0053570490713	Yes	1985751	GTGTCTACATTG	GGACTACHVGGGTWTCTAAT	559	5
AmzC16chldM.418509	AmzC16chldM	Venezuela	Coromoto	AmzC_NA	NA	3	NA	Male	15,3779536799848	NA	1500549	TAGAGAGAGTGG	GGACTACHVGGGTWTCTAAT	559	6
AmzC17chldM.418400	AmzC17chldM	Venezuela	Coromoto	AmzC_NA	NA	1	NA	Male	16,3163371488033	Yes	1364914	TACACGATCTAC	GGACTACHVGGGTWTCTAAT	559	5
AmzC18chldM.418443	AmzC18chldM	Venezuela	Coromoto	AmzC_NA	NA	1	NA	Male	16,6064406419386	Yes	1945612	GTGCACATTATC	GGACTACHVGGGTWTCTAAT	565	1
AmzC19chldM.418646	AmzC19chldM	Venezuela	Coromoto	AmzC_NA	NA	2	NA	Male	NA	Yes	1938044	TAACTCTGATGC	GGACTACHVGGGTWTCTAAT	565	1
AmzC1babyF1.418864	AmzC1babyF1	Venezuela	Coromoto	AmzC1	Cousin	NA	NA	Female	17,6	NA	1322071	GTAGACTGCGTG	GGACTACHVGGGTWTCTAAT	559	5
AmzC1babyF2.418461	AmzC1babyF2	Venezuela	Coromoto	AmzC1	Cousin	0,417	NA	Female	18,1513658902832	Yes	1801672	GTCAACGCGATG	GGACTACHVGGGTWTCTAAT	559	5
AmzC20chldM.418602	AmzC20chldM	Venezuela	Coromoto	AmzC_NA	NA	2	NA	Male	14,5807804694128	Yes	1936613	TACTAATCTGCG	GGACTACHVGGGTWTCTAAT	565	1
AmzC21chldM.418442	AmzC21chldM	Venezuela	Coromoto	AmzC_NA	NA	1	NA	Male	15,7387111635006	Yes	2908946	TACTGGACGCGA	GGACTACHVGGGTWTCTAAT	559	5
AmzC22chldM.418704	AmzC22chldM	Venezuela	Coromoto	AmzC_NA	NA	5	NA	Male	14,8764469177992	NA	573388	GTAGCTGACGCA	GGACTACHVGGGTWTCTAAT	559	6
AmzC23chldM.418498	AmzC23chldM	Venezuela	Coromoto	AmzC_NA	NA	4	NA	Male	14,2987990357753	NA	3780398	GGCAGTGTATCG	GGACTACHVGGGTWTCTAAT	559	5
AmzC24chldM.418746	AmzC24chldM	Venezuela	Coromoto	AmzC_NA	NA	11	NA	Male	15,0445537621232	NA	1127769	GTAGAGCTGTTC	GGACTACHVGGGTWTCTAAT	559	5
AmzC25teenF.418537	AmzC25teenF	Venezuela	Coromoto	AmzC_NA	NA	12	NA	Female	16,2	NA	4100874	GTCACGACTATT	GGACTACHVGGGTWTCTAAT	559	5
AmzC26chldF.418710	AmzC26chldF	Venezuela	Coromoto	AmzC_NA	NA	11	NA	Female	24,0401689368235	NA	1616417	GTCTGACAGTTG	GGACTACHVGGGTWTCTAAT	559	5
AmzC27teenF.418647	AmzC27teenF	Venezuela	Coromoto	AmzC_NA	NA	12	NA	Female	21,0138158553275	NA	1882946	GTGTGCTATCAG	GGACTACHVGGGTWTCTAAT	559	5
AmzC28chldM.418506	AmzC28chldM	Venezuela	Coromoto	AmzC_NA	NA	11	NA	Male	18,5139259167407	NA	791988	TAGCTGAGTCCA	GGACTACHVGGGTWTCTAAT	559	6
AmzC29adltF.418659	AmzC29adltF	Venezuela	Coromoto	AmzC_NA	NA	38	NA	Female	33,231829933927	NA	2395656	TAGATAGCAGGA	GGACTACHVGGGTWTCTAAT	559	6
AmzC2adltF.418621	AmzC2adltF	Venezuela	Coromoto	AmzC2	Mother	24	NA	Female	31,684159623212	NA	1175373	TACATCACCACA	GGACTACHVGGGTWTCTAAT	559	6
AmzC2babyF.418803	AmzC2babyF	Venezuela	Coromoto	AmzC2	Sister	0,417	NA	Female	17,2781065088757	Yes	1186422	GGCTATGACATC	GGACTACHVGGGTWTCTAAT	559	6
AmzC2chldM1.418776	AmzC2chldM1	Venezuela	Coromoto	AmzC2	Brother	2	NA	Male	16,9655571377714	Yes	837283	GTAGCGCGAGTT	GGACTACHVGGGTWTCTAAT	559	6
AmzC2chldM2.418482	AmzC2chldM2	Venezuela	Coromoto	AmzC2	Brother	4	NA	Male	15,8337722979357	NA	1404192	GTCGACTCCTCT	GGACTACHVGGGTWTCTAAT	559	6
AmzC30adltF.418737	AmzC30adltF	Venezuela	Coromoto	AmzC_NA	NA	38	NA	Female	32	NA	578120	GTAGATGCTTCG	GGACTACHVGGGTWTCTAAT	559	6
AmzC31adltF.418549	AmzC31adltF	Venezuela	Coromoto	AmzC_NA	NA	21	NA	Female	30,3989378064271	NA	771955	TAGTCGTCTAGT	GGACTACHVGGGTWTCTAAT	559	6
AmzC32adltF.418671	AmzC32adltF	Venezuela	Coromoto	AmzC_NA	NA	20	NA	Female	NA	NA	948210	TACAGTCTCATG	GGACTACHVGGGTWTCTAAT	559	6
AmzC33adltF.418672	AmzC33adltF	Venezuela	Coromoto	AmzC_NA	NA	NA	NA	Female	27,3464158714575	NA	1021869	GTCATTCACGAG	GGACTACHVGGGTWTCTAAT	559	6
AmzC3adltF.418561	AmzC3adltF	Venezuela	Coromoto	AmzC3	Mother	33	NA	Female	25,6726790293615	NA	1995039	GTCTGGATAGCG	GGACTACHVGGGTWTCTAAT	559	6
AmzC3adltM.418849	AmzC3adltM	Venezuela	Coromoto	AmzC3	Grandfather	66	NA	Male	NA	NA	353571	GTAGCAACGTCT	GGACTACHVGGGTWTCTAAT	559	6
AmzC3babyF.418526	AmzC3babyF	Venezuela	Coromoto	AmzC3	Daughter	0,5	NA	Female	17,2176308539945	Yes	978145	GTCCATAGCTAG	GGACTACHVGGGTWTCTAAT	559	6
AmzC3chldM.418539	AmzC3chldM	Venezuela	Coromoto	AmzC3	Son	2	NA	Male	16,7268969852466	Yes	1165967	TACCGCTAGTAG	GGACTACHVGGGTWTCTAAT	559	6
AmzC4adltF.418372	AmzC4adltF	Venezuela	Coromoto	AmzC4	Mother	31	NA	Female	34,8868020919653	NA	1080421	TACGATGACCAC	GGACTACHVGGGTWTCTAAT	559	6
AmzC4chldF.418677	AmzC4chldF	Venezuela	Coromoto	AmzC4	Daughter	1	NA	Female	19,3	Yes	1862974	GTGACCTGATGT	GGACTACHVGGGTWTCTAAT	559	6
AmzC4chldM.418557	AmzC4chldM	Venezuela	Coromoto	AmzC4	Daughter	1	NA	Male	14,8534553254077	Yes	1434588	TAGCCTCTCTGC	GGACTACHVGGGTWTCTAAT	565	1
AmzC5adltF.418439	AmzC5adltF	Venezuela	Coromoto	AmzC5	Mother	20	NA	Female	24,9927426572009	NA	1309349	GTGTGTGTCAGG	GGACTACHVGGGTWTCTAAT	559	6
AmzC5chldF.418839	AmzC5chldF	Venezuela	Coromoto	AmzC5	Daughter	2	NA	Female	16,8256899558839	Yes	1094012	TAGTGCTGCGTA	GGACTACHVGGGTWTCTAAT	559	6
AmzC5chldM.418590	AmzC5chldM	Venezuela	Coromoto	AmzC5	Son	1	NA	Male	17,853600476096	Yes	853565	GTTAGAGCACTC	GGACTACHVGGGTWTCTAAT	559	6
AmzC6adltF.418525	AmzC6adltF	Venezuela	Coromoto	AmzC6	Mother	24	NA	Female	28,1914393768805	NA	1566018	GTGTTGCAGCAT	GGACTACHVGGGTWTCTAAT	559	6
AmzC6chldM1.418778	AmzC6chldM1	Venezuela	Coromoto	AmzC6	Son	4	NA	Male	16,2623478087051	NA	1330544	GGTATACGCAGC	GGACTACHVGGGTWTCTAAT	559	6
AmzC6chldM2.418719	AmzC6chldM2	Venezuela	Coromoto	AmzC6	Son	7	NA	Male	16,2032404860648	NA	552334	TAGCTCGTAACT	GGACTACHVGGGTWTCTAAT	559	5
AmzC7adltF.418582	AmzC7adltF	Venezuela	Coromoto	AmzC7	Mother	38	NA	Female	31,609546082917	NA	1773423	GGCGACATGTAC	GGACTACHVGGGTWTCTAAT	559	6
AmzC7chldM.418599	AmzC7chldM	Venezuela	Coromoto	AmzC7	Son	10	NA	Male	17,12637461691	NA	2275498	TACAGATGGCTC	GGACTACHVGGGTWTCTAAT	559	5
AmzC8adltM.418389	AmzC8adltM	Venezuela	Coromoto	AmzC8	Father	83,2	NA	Male	34,9002657789471	NA	1478787	GTCATATCGTAC	GGACTACHVGGGTWTCTAAT	559	6
AmzC8chldF.418522	AmzC8chldF	Venezuela	Coromoto	AmzC8	Daughter	11	NA	Female	16,015798665709	NA	1202759	TACTTACTGCAG	GGACTACHVGGGTWTCTAAT	559	6
AmzC9adltF.418726	AmzC9adltF	Venezuela	Coromoto	AmzC9	Daughter	29	NA	Female	31,7072603038715	NA	1983158	GTGACTGCGGAT	GGACTACHVGGGTWTCTAAT	559	6
AmzC9adltM.418480	AmzC9adltM	Venezuela	Coromoto	AmzC9	Father	60	NA	Male	23,3461472162857	NA	540999	TAGGTATCTCAC	GGACTACHVGGGTWTCTAAT	559	6
F3T1pre4.418699	F3T1pre4	USA	StLouis	F3	Twin1	23	MZ	Female	21	NA	1925354	GCTTCATAGTGT	GGACTACHVGGGTWTCTAAT	565	1
F3T2pre4.418583	F3T2pre4	USA	StLouis	F3	Twin2	23	MZ	Female	23	NA	1895520	GTACAAGAGTGA	GGACTACHVGGGTWTCTAAT	565	1
F4T1pre4.418431	F4T1pre4	USA	StLouis	F4	Twin1	23	MZ	Female	26	NA	1530706	GTATGACTGGCT	GGACTACHVGGGTWTCTAAT	565	1
F4T2pre4.418418	F4T2pre4	USA	StLouis	F4	Twin2	23	MZ	Female	23	NA	2046575	GTCTACACACAT	GGACTACHVGGGTWTCTAAT	565	1
h101A.3.418669	h101A.3	Malawi	Mayaka	h101	Twin1	1,53	MZ	Female	15,5398405477231	Yes	1695650	GTCGTAGCCAGA	GGACTACHVGGGTWTCTAAT	559	3
h101B.3.418378	h101B.3	Malawi	Mayaka	h101	Twin2	1,53	MZ	Female	15,8742364048016	Yes	1923918	GTGATAGTGCCG	GGACTACHVGGGTWTCTAAT	559	3
h101M.418586	h101M	Malawi	Mayaka	h101	Mother	24	NA	Female	21,36	NA	1540264	GTTGTATACTCG	GGACTACHVGGGTWTCTAAT	559	3
h101S.418475	h101S	Malawi	Mayaka	h101	Sibling	NA	NA	NA	NA	NA	1684919	GTGTTGCAGCAT	GGACTACHVGGGTWTCTAAT	559	3
h10A.2.418427	h10A.2	Malawi	Mbiza	h10	Twin1	1,3	DZ	Female	14,8647003935251	Yes	1018786	GTTAGAGCACTC	GGACTACHVGGGTWTCTAAT	565	2
h10M.418706	h10M	Malawi	Mbiza	h10	Mother	26	NA	Female	20,20749867944	NA	1035278	TAGAGAGAGTGG	GGACTACHVGGGTWTCTAAT	565	2
h121A.1.418420	h121A.1	Malawi	Mbiza	h121	Twin1	0,43	MZ	Male	19,2656691304609	Yes	1554908	TACGGTATGTCT	GGACTACHVGGGTWTCTAAT	559	3
h121B.1.418650	h121B.1	Malawi	Mbiza	h121	Twin2	0,43	MZ	Male	21,8434343434343	Yes	1566460	TAGCACACCTAT	GGACTACHVGGGTWTCTAAT	559	3
h121S.418415	h121S	Malawi	Mbiza	h121	Sibling	NA	NA	NA	NA	NA	1873924	GCTTACATCGAG	GGACTACHVGGGTWTCTAAT	559	7
h122M.418534	h122M	Malawi	Chamba	h122	Mother	38	NA	Female	24,542516339738	NA	781844	TAGTGCTGCGTA	GGACTACHVGGGTWTCTAAT	565	2
h122S.418581	h122S	Malawi	Chamba	h122	Sibling	NA	NA	NA	NA	NA	936383	GGTATACGCAGC	GGACTACHVGGGTWTCTAAT	565	2
h128A.1.418657	h128A.1	Malawi	Mayaka	h128	Twin1	0,755646817	MZ	Male	15,4795918367347	Yes	1401888	GGTGCGTGTATG	GGACTACHVGGGTWTCTAAT	559	7
h128M.418754	h128M	Malawi	Mayaka	h128	Mother	NA	NA	Female	NA	NA	1918188	GTATCCATGCGA	GGACTACHVGGGTWTCTAAT	559	7
h128S.418536	h128S	Malawi	Mayaka	h128	Sibling	NA	NA	NA	NA	NA	1938359	GTCGTGTGTCAA	GGACTACHVGGGTWTCTAAT	559	7
h130A.4.418604	h130A.4	Malawi	Mayaka	h130	Twin1	2,387405886	MZ	Female	17,8480749219563	Yes	2069324	GTGCAATCGACG	GGACTACHVGGGTWTCTAAT	559	7
h130B.4.418471	h130B.4	Malawi	Mayaka	h130	Twin2	2,387405886	MZ	Female	17,8444931691685	Yes	1814851	TAACAGTCGCTG	GGACTACHVGGGTWTCTAAT	559	7
h130M.418533	h130M	Malawi	Mayaka	h130	Mother	NA	NA	Female	25,1154201292705	NA	1769588	TACGTGTACGTG	GGACTACHVGGGTWTCTAAT	559	7
h130S.418846	h130S	Malawi	Mayaka	h130	Sibling	NA	NA	NA	NA	NA	1850819	TAGCATCGTGGT	GGACTACHVGGGTWTCTAAT	559	7
h144A.1.418690	h144A.1	Malawi	Chamba	h144	Twin1	1,218333333	MZ	Male	16,0856123662307	Yes	2012568	GCTTCATAGTGT	GGACTACHVGGGTWTCTAAT	559	7
h144B.1.418701	h144B.1	Malawi	Chamba	h144	Twin2	1,2183436	MZ	Male	14,6219135802469	Yes	2497444	GTACAAGAGTGA	GGACTACHVGGGTWTCTAAT	559	7
h144M.418623	h144M	Malawi	Chamba	h144	Mother	NA	NA	Female	17,04	NA	1959675	GTATGACTGGCT	GGACTACHVGGGTWTCTAAT	559	7
h146A.4.418620	h146A.4	Malawi	Mayaka	h146	Twin1	2,212183436	MZ	Female	16,7398441517345	Yes	2127267	TACATCACCACA	GGACTACHVGGGTWTCTAAT	559	3
h146B.4.418409	h146B.4	Malawi	Mayaka	h146	Twin2	2,212183436	MZ	Female	16,5377751338489	Yes	1926316	GTCTACACACAT	GGACTACHVGGGTWTCTAAT	559	7
h146M.418838	h146M	Malawi	Mayaka	h146	Mother	33	NA	Female	22,48	NA	2101935	GTGCACATTATC	GGACTACHVGGGTWTCTAAT	559	7
h147A.4.418376	h147A.4	Malawi	Mayaka	h147	Twin1	2,650239562	MZ	Female	16,1175390266299	Yes	2091169	GTGGCGATACAC	GGACTACHVGGGTWTCTAAT	559	7
h147B.4.418548	h147B.4	Malawi	Mayaka	h147	Twin2	2,650239562	MZ	Female	14,633608815427	Yes	2079863	TAAGCGCAGCAC	GGACTACHVGGGTWTCTAAT	559	7
h147M.418531	h147M	Malawi	Mayaka	h147	Mother	20	NA	Female	21,64	NA1	1928831	TACTACATGGTC	GGACTACHVGGGTWTCTAAT	559	7
h165A.1.418855	h165A.1	Malawi	Mbiza	h165	Twin1	0,443531828	MZ	Male	15,9688545864354	Yes	1549905	TAGCGACATCTG	GGACTACHVGGGTWTCTAAT	559	7
h165B.1.418384	h165B.1	Malawi	Mbiza	h165	Twin2	0,443531828	MZ	Male	16,2420599685814	Yes	1856942	GGACGTCACAGT	GGACTACHVGGGTWTCTAAT	559	7
h165M.1.418394	h165M.1	Malawi	Mbiza	h165	Mother	34	NA	Female	21,07	NA	2451558	GTACTCTAGACT	GGACTACHVGGGTWTCTAAT	559	7
h165S.418584	h165S	Malawi	Mbiza	h165	Sibling	NA	NA	NA	NA	NA	1916148	GTATGTTGCTCA	GGACTACHVGGGTWTCTAAT	559	3
h181A.1.418791	h181A.1	Malawi	Chamba	h181	Twin1	0,213552361	DZ	Male	15,5206611570248	Yes	1783705	TAACTCTGATGC	GGACTACHVGGGTWTCTAAT	559	7
h181B.1.418825	h181B.1	Malawi	Chamba	h181	Twin2	0,213552361	MZ	Male	12,6474651929004	Yes	1661130	TACTAATCTGCG	GGACTACHVGGGTWTCTAAT	559	7
h181C.1.418714	h181C.1	Malawi	Chamba	h181	Twin3	0,213552361	MZ	Male	11,7404513888889	Yes	1723516	TAGCCTCTCTGC	GGACTACHVGGGTWTCTAAT	559	7
h181M.1.418631	h181M.1	Malawi	Chamba	h181	Mother	NA	NA	Female	20,7	NA	861719	TAGGTATCTCAC	GGACTACHVGGGTWTCTAAT	565	2
h181S.418723	h181S	Malawi	Chamba	h181	Sibling	NA	NA	NA	NA	NA	1809976	GCTTGCGAGACA	GGACTACHVGGGTWTCTAAT	559	7
h186A.1.418741	h186A.1	Malawi	Mayaka	h186	Twin1	2,01779603	MZ	Male	17,3130124239223	Yes	1836789	GTAGCAACGTCT	GGACTACHVGGGTWTCTAAT	559	3
h186B.1.418751	h186B.1	Malawi	Mayaka	h186	Twin2	2,01779603	DZ	Female	18,5536888239591	Yes	649049	GTACGGCATACG	GGACTACHVGGGTWTCTAAT	559	7
h186C.1.418575	h186C.1	Malawi	Mayaka	h186	Twin3	2,01779603	MZ	Male	17,1280276816609	Yes	1847280	GTCATTCACGAG	GGACTACHVGGGTWTCTAAT	559	3
h186M.418788	h186M	Malawi	Mayaka	h186	Mother	32	NA	Female	26,25	NA	2049244	GTATGCGCTGTA	GGACTACHVGGGTWTCTAAT	559	7
h186S.418558	h186S	Malawi	Mayaka	h186	Sibling	NA	NA	NA	NA	NA	2228906	GTCTATCGGAGT	GGACTACHVGGGTWTCTAAT	559	7
h18A.4.418403	h18A.4	Malawi	Chamba	h18	Twin1	1,352498289	MZ	Female	17,5762976163956	Yes	1724406	GCTGTAGTATGC	GGACTACHVGGGTWTCTAAT	559	6
h18B.4.418355	h18B.4	Malawi	Chamba	h18	Twin2	1,352498289	MZ	Female	16,8888888888889	Yes	1472352	GGTCACTGACAG	GGACTACHVGGGTWTCTAAT	559	6
h208A.1.418529	h208A.1	Malawi	Mbiza	h208	Twin1	0,032854209	MZ	Female	10,9916897506925	Yes	1795614	GTCTCATGTAGG	GGACTACHVGGGTWTCTAAT	559	3
h208M.1.418731	h208M.1	Malawi	Mbiza	h208	Mother	21	NA	Female	23,56	NA	2294779	GTGTACCTATCA	GGACTACHVGGGTWTCTAAT	559	3
h209A.2.418702	h209A.2	Malawi	Mbiza	h209	Twin1	0,563997262	MZ	Female	16,2053211502284	Yes	1619170	TACACACATGGC	GGACTACHVGGGTWTCTAAT	559	3
h209B.2.418447	h209B.2	Malawi	Mbiza	h209	Twin2	0,563997262	MZ	Female	NA	Yes	1104100	TACTGCGACAGT	GGACTACHVGGGTWTCTAAT	559	3
h209M.1.418510	h209M.1	Malawi	Mbiza	h209	Mother	NA	NA	Female	25,92	NA	1787436	TAGCGGATCACG	GGACTACHVGGGTWTCTAAT	559	3
h209S.418365	h209S	Malawi	Mbiza	h209	Sibling	NA	NA	NA	NA	NA	2155884	TAGACTGTACTC	GGACTACHVGGGTWTCTAAT	559	3
h228M.418505	h228M	Malawi	Mayaka	h228	Mother	NA	NA	Female	NA	NA	1348678	GGATCGCAGATC	GGACTACHVGGGTWTCTAAT	559	3
h228S.418436	h228S	Malawi	Mayaka	h228	Sibling	NA	NA	NA	NA	NA	1400875	GTAGACTGCGTG	GGACTACHVGGGTWTCTAAT	559	3
h235A.1.418717	h235A.1	Malawi	Mayaka	h235	Twin1	0,665297741	MZ	Male	15,7914951989026	Yes	1547303	GTCAACGCGATG	GGACTACHVGGGTWTCTAAT	559	3
h235B.1.418464	h235B.1	Malawi	Mayaka	h235	Twin2	0,665297741	MZ	Male	16,8014020012437	Yes	1409681	GTCTCTCTACGC	GGACTACHVGGGTWTCTAAT	559	3
h235M.418489	h235M	Malawi	Mayaka	h235	Mother	33	NA	Female	20,42	NA	1933828	TAGTCGTCTAGT	GGACTACHVGGGTWTCTAAT	559	3
h257A.1.418826	h257A.1	Malawi	Mayaka	h257	Twin1	0,19	MZ	Male	16,4722222222222	Yes	1420704	GTGTCTACATTG	GGACTACHVGGGTWTCTAAT	559	3
h257B.1.418419	h257B.1	Malawi	Mayaka	h257	Twin2	0,19	MZ	Male	16,6245475035858	Yes	1414324	TACACGATCTAC	GGACTACHVGGGTWTCTAAT	559	3
h257M.2.418454	h257M.2	Malawi	Mayaka	h257	Mother	23	NA	Female	21,49	NA	2043133	TACTGGACGCGA	GGACTACHVGGGTWTCTAAT	559	3
h257S.418777	h257S	Malawi	Mayaka	h257	Sibling	NA	NA	NA	NA	NA	1698331	TAGCTCGTAACT	GGACTACHVGGGTWTCTAAT	559	3
h259A.2.418342	h259A.2	Malawi	Mbiza	h259	Twin1	0,27	MZ	Female	14,5069419722321	Yes	1587830	GGCAGTGTATCG	GGACTACHVGGGTWTCTAAT	559	7
h259B.2.418617	h259B.2	Malawi	Mbiza	h259	Twin2	0,27	MZ	Female	12,3252729313335	Yes	1487347	GTAGAGCTGTTC	GGACTACHVGGGTWTCTAAT	559	7
h259M.1.418374	h259M.1	Malawi	Mbiza	h259	Mother	NA	NA	Female	26,94	NA	1609033	GGCGTACTGATG	GGACTACHVGGGTWTCTAAT	559	3
h259S.418715	h259S	Malawi	Mbiza	h259	Sibling	NA	NA	NA	NA	NA	2453239	GTCACGACTATT	GGACTACHVGGGTWTCTAAT	559	7
h264A.2.418362	h264A.2	Malawi	Mayaka	h264	Twin1	0,79945243	MZ	Female	16,6103017689906	Yes	1780684	GGCTATGACATC	GGACTACHVGGGTWTCTAAT	559	3
h264B.2.418350	h264B.2	Malawi	Mayaka	h264	Twin2	0,79945243	MZ	Female	16,1879566641471	Yes	1558852	GTCTGACAGTTG	GGACTACHVGGGTWTCTAAT	559	7
h264M.418377	h264M	Malawi	Mayaka	h264	Mother	44	NA	Female	20,81	NA	2217917	GTGTGCTATCAG	GGACTACHVGGGTWTCTAAT	559	7
h273A.2.418494	h273A.2	Malawi	Makwhira	h273	Twin1	0,928131417	MZ	Female	17,5428826019158	Yes	1895427	TACAGATGGCTC	GGACTACHVGGGTWTCTAAT	559	7
h273B.2.418501	h273B.2	Malawi	Makwhira	h273	Twin2	0,928131417	MZ	Female	18,0775228335932	Yes	1696408	TACTTACTGCAG	GGACTACHVGGGTWTCTAAT	559	7
h273M.418507	h273M	Malawi	Makwhira	h273	Mother	32	NA	Female	21	NA	2120027	TAGCTGAGTCCA	GGACTACHVGGGTWTCTAAT	559	7
h278A.2.418424	h278A.2	Malawi	Mayaka	h278	Twin1	1,393566051	MZ	Female	15,9591836734694	Yes	1753950	GTAGCGCGAGTT	GGACTACHVGGGTWTCTAAT	559	3
h278B.2.418686	h278B.2	Malawi	Mayaka	h278	Twin2	1,412731006	MZ	Female	15,6153549382716	Yes	1837779	GTCCATAGCTAG	GGACTACHVGGGTWTCTAAT	559	3
h278M.418667	h278M	Malawi	Mayaka	h278	Mother	21	NA	Female	22,35	NA	1130807	GTGACCTGATGT	GGACTACHVGGGTWTCTAAT	565	2
h279A.2.418836	h279A.2	Malawi	Mayaka	h279	Twin1	0,950034223	MZ	Male	18,6166696712938	Yes	1544802	GGCGACATGTAC	GGACTACHVGGGTWTCTAAT	559	3
h279B.2.418514	h279B.2	Malawi	Mayaka	h279	Twin2	0,950034223	MZ	Male	15,6477627471384	Yes	1247018	GTAGATGCTTCG	GGACTACHVGGGTWTCTAAT	559	3
h279M.418530	h279M	Malawi	Mayaka	h279	Mother	24	NA	Female	25	NA	1771134	GTCATATCGTAC	GGACTACHVGGGTWTCTAAT	559	3
h279S.418358	h279S	Malawi	Mayaka	h279	Sibling	NA	NA	NA	NA	NA	1486202	GTCTGGATAGCG	GGACTACHVGGGTWTCTAAT	559	3
h301A.1.418425	h301A.1	Malawi	Chamba	h301	Twin1	0,05	DZ	Male	NA	Yes	799114	GTAGCTGACGCA	GGACTACHVGGGTWTCTAAT	565	2
h301B.1.418486	h301B.1	Malawi	Chamba	h301	Twin2	0,05	DZ	Male	NA	Yes	978429	GTCGACTCCTCT	GGACTACHVGGGTWTCTAAT	565	2
h301M.1.418627	h301M.1	Malawi	Chamba	h301	Mother	NA	NA	Female	NA	NA	1311944	GTGACTGCGGAT	GGACTACHVGGGTWTCTAAT	565	2
h305B.2.418820	h305B.2	Malawi	Chamba	h305	Twin2	0,394250513	DZ	Male	13,9923707491275	Yes	1701896	GTGTGTGTCAGG	GGACTACHVGGGTWTCTAAT	559	3
h305C.2.418553	h305C.2	Malawi	Chamba	h305	Twin3	0,394250513	DZ	Female	14,495867768595	Yes	783644	TACAGTCTCATG	GGACTACHVGGGTWTCTAAT	565	2
h305M.418771	h305M	Malawi	Chamba	h305	Mother	23	NA	Female	20,93	NA	989298	TACTTCGCTCGC	GGACTACHVGGGTWTCTAAT	565	2
h35A.3.418524	h35A.3	Malawi	Makwhira	h35	Twin1	1,894592745	MZ	Male	14,5032556185675	Yes	759072	GTAGTGTCTAGC	GGACTACHVGGGTWTCTAAT	559	6
h35S.418568	h35S	Malawi	Makwhira	h35	Sibling	NA	NA	NA	NA	NA	1636507	GTCTTCGTCGCT	GGACTACHVGGGTWTCTAAT	559	3
h37A.2.418724	h37A.2	Malawi	Mbiza	h37	Twin1	0,94	DZ	Female	15,9198678672279	Yes	1043112	GTTCGCGTATAG	GGACTACHVGGGTWTCTAAT	565	2
h37B.2.418707	h37B.2	Malawi	Mbiza	h37	Twin2	0,94	DZ	Female	16,2768472410845	Yes	1054125	TACGATGACCAC	GGACTACHVGGGTWTCTAAT	565	2
h37M.418863	h37M	Malawi	Mbiza	h37	Mother	27	NA	Female	20,0046045686305	NA	1218672	TAGATAGCAGGA	GGACTACHVGGGTWTCTAAT	565	2
h37S.418552	h37S	Malawi	Mbiza	h37	Sibling	NA	NA	NA	NA	NA	1122853	TAGTGTGCTTCA	GGACTACHVGGGTWTCTAAT	565	2
h47A.1.418772	h47A.1	Malawi	Chamba	h47	Twin1	0,596851472	MZ	Male	15,4166666666667	Yes	1051932	GTCGCTGTCTTC	GGACTACHVGGGTWTCTAAT	559	6
h47B.1.418571	h47B.1	Malawi	Chamba	h47	Twin2	0,596851472	MZ	Male	14,0284869658694	Yes	844860	GTGAGGTCGCTA	GGACTACHVGGGTWTCTAAT	559	7
h47M.418653	h47M	Malawi	Chamba	h47	Mother	NA	NA	Female	31,64	NA	1806244	GTTGACGACAGC	GGACTACHVGGGTWTCTAAT	559	7
h47S.418625	h47S	Malawi	Chamba	h47	Sibling	NA	NA	NA	NA	NA	1641041	TACGCGCTGAGA	GGACTACHVGGGTWTCTAAT	559	7
h60A.2.418856	h60A.2	Malawi	Mbiza	h60	Twin1	2,045174538	MZ	Female	15,7445511354976	Yes	2057844	TAGATCCTCGAT	GGACTACHVGGGTWTCTAAT	559	7
h60B.2.418433	h60B.2	Malawi	Mbiza	h60	Twin2	2,045174538	MZ	Female	15,4542541259414	Yes	1565883	GCTGTGTAGGAC	GGACTACHVGGGTWTCTAAT	559	3
h60M.418694	h60M	Malawi	Mbiza	h60	Mother	27	NA	Female	24,24	NA	1457312	GGTCGTAGCGTA	GGACTACHVGGGTWTCTAAT	559	3
h60S.418532	h60S	Malawi	Mbiza	h60	Sibling	NA	NA	NA	NA	NA	1663653	GTATATCCGCAG	GGACTACHVGGGTWTCTAAT	559	3
h68A.4.418806	h68A.4	Malawi	Chamba	h68	Twin1	1,6975	DZ	Male	16,1413525712743	Yes	1635768	GCTTGCGAGACA	GGACTACHVGGGTWTCTAAT	565	1
h68B.4.418611	h68B.4	Malawi	Chamba	h68	Twin2	1,6975	DZ	Male	16,6409989594173	Yes	754597	GTACGGCATACG	GGACTACHVGGGTWTCTAAT	565	1
h68M.418773	h68M	Malawi	Chamba	h68	Mother	26	NA	Female	23,6142749866579	NA	2253112	GTATGCGCTGTA	GGACTACHVGGGTWTCTAAT	565	1
h78A.4.418851	h78A.4	Malawi	Mayaka	h78	Twin1	1,894592745	DZ	Male	15,7615112160567	Yes	1573690	GTCTATCGGAGT	GGACTACHVGGGTWTCTAAT	565	1
h78B.4.418738	h78B.4	Malawi	Mayaka	h78	Twin2	1,894592745	DZ	Male	17,6875	Yes	1631047	GTGGCGATACAC	GGACTACHVGGGTWTCTAAT	565	1
h78M.418725	h78M	Malawi	Mayaka	h78	Mother	25	NA	Female	19,6282647011697	NA	1563715	TAAGCGCAGCAC	GGACTACHVGGGTWTCTAAT	559	4
h78S.418712	h78S	Malawi	Mayaka	h78	Sibling	NA	NA	NA	NA	NA	1709802	TACTACATGGTC	GGACTACHVGGGTWTCTAAT	559	4
h85A.1.418700	h85A.1	Malawi	Mayaka	h85	Twin1	0,758384668	DZ	Male	16,603550295858	Yes	1304469	TAGCGACATCTG	GGACTACHVGGGTWTCTAAT	559	4
h85B.1.418749	h85B.1	Malawi	Mayaka	h85	Twin2	0,758384668	DZ	Male	14,9632	Yes	1841721	GGACGTCACAGT	GGACTACHVGGGTWTCTAAT	559	4
h85M.418596	h85M	Malawi	Mayaka	h85	Mother	28	NA	Female	23,2659589937473	NA	1694447	GTACTCTAGACT	GGACTACHVGGGTWTCTAAT	559	4
h85S.418346	h85S	Malawi	Mayaka	h85	Sibling	NA	NA	NA	NA	NA	1593513	GTATGTTGCTCA	GGACTACHVGGGTWTCTAAT	559	4
h95A.1.418344	h95A.1	Malawi	Mayaka	h95	Twin1	1,245722108	DZ	Female	15,7336150093054	Yes	1316737	GTCTCATGTAGG	GGACTACHVGGGTWTCTAAT	559	4
h95B.1.418735	h95B.1	Malawi	Mayaka	h95	Twin2	1,245722108	DZ	Female	16,0575509346776	Yes	1432800	GTGTACCTATCA	GGACTACHVGGGTWTCTAAT	559	4
h95M.418831	h95M	Malawi	Mayaka	h95	Mother	24	NA	Female	24,1964937910884	NA	1626469	TACACACATGGC	GGACTACHVGGGTWTCTAAT	559	4
h95S.418544	h95S	Malawi	Mayaka	h95	Sibling	NA	NA	NA	NA	NA	1426875	TACTGCGACAGT	GGACTACHVGGGTWTCTAAT	559	4
h9A.5.418658	h9A.5	Malawi	Mbiza	h9	Twin1	2,015058179	MZ	Female	17,9536011080332	Yes	2041383	GTCAACGCGATG	GGACTACHVGGGTWTCTAAT	559	4
h9B.5.418656	h9B.5	Malawi	Mbiza	h9	Twin2	2,015058179	MZ	Female	17,9536011080332	Yes	1602320	TAGCGGATCACG	GGACTACHVGGGTWTCTAAT	559	4
h9M.418588	h9M	Malawi	Mbiza	h9	Mother	24,03287671	NA	Female	24,7474542577792	NA	1664503	GGATCGCAGATC	GGACTACHVGGGTWTCTAAT	559	4
h9S.418789	h9S	Malawi	Mbiza	h9	Sibling	NA	NA	NA	NA	NA	2104368	GTAGACTGCGTG	GGACTACHVGGGTWTCTAAT	559	4
TS1.418828	TS1	USA	Missouri born	USts1	Twin1	28	MZ	Female	NA	NA	1480312	GGTCGTAGCGTA	GGACTACHVGGGTWTCTAAT	559	2
TS109.418691	TS109	USA	Missouri born	USts32	Twin1	28	DZ	Female	23	NA	1794902	TAGCACACCTAT	GGACTACHVGGGTWTCTAAT	559	2
TS110.418428	TS110	USA	Missouri born	USts32	Twin2	28	DZ	Female	18	NA	2191982	GCTTACATCGAG	GGACTACHVGGGTWTCTAAT	559	1
TS111.418684	TS111	USA	Missouri born	USts32	Mother	57	NA	Female	20	NA	2322008	GGTGCGTGTATG	GGACTACHVGGGTWTCTAAT	559	1
TS127.418550	TS127	USA	Missouri born	USts36	Twin1	25	DZ	Female	21	NA	2264662	GTATCCATGCGA	GGACTACHVGGGTWTCTAAT	559	1
TS128.418470	TS128	USA	Missouri born	USts36	Twin2	25	DZ	Female	20	NA	1970821	GTCGTGTGTCAA	GGACTACHVGGGTWTCTAAT	559	1
TS129.418618	TS129	USA	Missouri born	USts36	Mother	53	NA	Female	23	NA	2403366	GTGCAATCGACG	GGACTACHVGGGTWTCTAAT	559	1
TS13.418619	TS13	USA	Missouri born	USts5	Twin1	27	MZ	Female	22	NA	1480312	GGTCGTAGCGTA	GGACTACHVGGGTWTCTAAT	559	2
TS14.418541	TS14	USA	Missouri born	USts5	Twin2	27	MZ	Female	21	NA	1416357	GTATATCCGCAG	GGACTACHVGGGTWTCTAAT	559	2
TS15.418765	TS15	USA	Missouri born	USts5	Mother	NA	NA	Female	NA	NA	1662303	GTCGTAGCCAGA	GGACTACHVGGGTWTCTAAT	559	2
TS163.418636	TS163	USA	Missouri born	USts47	Twin1	25	MZ	Female	23	NA	1994015	TAACAGTCGCTG	GGACTACHVGGGTWTCTAAT	559	1
TS164.418396	TS164	USA	Missouri born	USts47	Twin2	25	MZ	Female	23	NA	1799975	TACGTGTACGTG	GGACTACHVGGGTWTCTAAT	559	1
TS165.418862	TS165	USA	Missouri born	USts47	Mother	NA	NA	Female	NA	NA	1860300	TAGCATCGTGGT	GGACTACHVGGGTWTCTAAT	559	1
TS184.418577	TS184	USA	Missouri born	USts52	Twin1	24	MZ	Female	21	NA	2209684	GCTTCATAGTGT	GGACTACHVGGGTWTCTAAT	559	1
TS185.418675	TS185	USA	Missouri born	USts52	Twin2	24	MZ	Female	21	NA	2236272	GTACAAGAGTGA	GGACTACHVGGGTWTCTAAT	559	1
TS186.418605	TS186	USA	Missouri born	USts52	Mother	NA	NA	Female	NA	NA	2092567	GTATGACTGGCT	GGACTACHVGGGTWTCTAAT	559	1
TS193.418750	TS193	USA	Missouri born	USts54	Twin1	30	DZ	Female	22	NA	2342027	GTCTACACACAT	GGACTACHVGGGTWTCTAAT	559	1
TS194.418607	TS194	USA	Missouri born	USts54	Twin2	30	DZ	Female	22	NA	2667904	GTGCACATTATC	GGACTACHVGGGTWTCTAAT	559	1
TS195.418848	TS195	USA	Missouri born	USts54	Mother	56	NA	Female	22	NA	2430950	TAACTCTGATGC	GGACTACHVGGGTWTCTAAT	559	1
TS2.418517	TS2	USA	Missouri born	USts1	Twin2	28	MZ	Female	NA	NA	1461323	GGTCACTGACAG	GGACTACHVGGGTWTCTAAT	559	1
TS25.418407	TS25	USA	Missouri born	USts9	Twin1	26	MZ	Female	21	NA	1540157	GTGATAGTGCCG	GGACTACHVGGGTWTCTAAT	559	2
TS26.418393	TS26	USA	Missouri born	USts9	Twin2	26	MZ	Female	23	NA	1745451	GTTGTATACTCG	GGACTACHVGGGTWTCTAAT	559	2
TS27.418766	TS27	USA	Missouri born	USts9	Mother	NA	NA	Female	NA	NA	1718740	TACGGTATGTCT	GGACTACHVGGGTWTCTAAT	559	2
TS3.418472	TS3	USA	Missouri born	USts1	Mother	NA	MZ	Female	NA	NA	1973956	GTAGTGTCTAGC	GGACTACHVGGGTWTCTAAT	559	1
TS4.418810	TS4	USA	Missouri born	USts2	Twin1	25	MZ	Female	21	NA	2012137	GTCGCTGTCTTC	GGACTACHVGGGTWTCTAAT	559	1
TS5.418546	TS5	USA	Missouri born	USts2	Twin2	25	MZ	Female	21	NA	786041	GTGAGGTCGCTA	GGACTACHVGGGTWTCTAAT	559	1
TS6.418642	TS6	USA	Missouri born	USts2	Mother	NA	NA	Female	NA	NA	2181590	GTTGACGACAGC	GGACTACHVGGGTWTCTAAT	559	1
TS7.418860	TS7	USA	Missouri born	USts3	Twin1	26	MZ	Female	21	NA	1948407	TACGCGCTGAGA	GGACTACHVGGGTWTCTAAT	559	1
TS8.418379	TS8	USA	Missouri born	USts3	Twin2	26	MZ	Female	22	NA	2965756	TAGATCCTCGAT	GGACTACHVGGGTWTCTAAT	559	1
TS9.418446	TS9	USA	Missouri born	USts3	Mother	NA	NA	Female	NA	NA	1559752	GCTGTGTAGGAC	GGACTACHVGGGTWTCTAAT	559	2
USBld1.418516	USBld1	USA	Boulder	USAbld_NA	Child	1,25	NA	Female	NA	NA	2199928	TAGTGTGCTTCA	GGACTACHVGGGTWTCTAAT	565	1
USBldAdlt6.418795	USBldAdlt6	USA	Boulder	USAbld3	Mother	33	NA	Female	20,734693877551	NA	1847549	GTGCAATCGACG	GGACTACHVGGGTWTCTAAT	565	1
USBldChld10.418660	USBldChld10	USA	Boulder	USAbld_NA	Child	1,3	NA	Male	NA	NA	1666599	TAGCATCGTGGT	GGACTACHVGGGTWTCTAAT	565	1
USBldChld2.418414	USBldChld2	USA	Boulder	USAbld_NA	Child	4,5	NA	Female	14,2148760330578	NA	1897856	GCTTACATCGAG	GGACTACHVGGGTWTCTAAT	565	1
USBldChld4.418528	USBldChld4	USA	Boulder	USAbld_NA	Child	6	NA	Female	15,5356260151119	NA	1772536	GTATCCATGCGA	GGACTACHVGGGTWTCTAAT	565	1
USBldChld5.418733	USBldChld5	USA	Boulder	USAbld_NA	Child	3	NA	Male	16,4101403349932	NA	1721098	GTCGTGTGTCAA	GGACTACHVGGGTWTCTAAT	565	1
USBldChld7.418488	USBldChld7	USA	Boulder	USAbld_NA	Child	3	NA	Female	15,3915799004074	NA	2282319	TAACAGTCGCTG	GGACTACHVGGGTWTCTAAT	565	1
USBldChld8.418589	USBldChld8	USA	Boulder	USAbld_NA	Child	1,6	NA	Male	NA	NA	2122493	TACGTGTACGTG	GGACTACHVGGGTWTCTAAT	565	1
USBldInf3.418459	USBldInf3	USA	Boulder	USAbld3	Child	0,83	NA	Female	23,9225712198685	NA	1712417	GGTGCGTGTATG	GGACTACHVGGGTWTCTAAT	565	1
USchp11Child.418850	USchp11Child	USA	Philadelphia	USchP_NA	Child	6	NA	Male	16,9	NA	1904107	TAGTGCTGCGTA	GGACTACHVGGGTWTCTAAT	565	1
USchp18Child.418782	USchp18Child	USA	Philadelphia	USchp18	Child	3	NA	Female	16,4	NA	1521752	TAGACTGTACTC	GGACTACHVGGGTWTCTAAT	565	1
USchp18Mom.418783	USchp18Mom	USA	Philadelphia	USchp18	Mother	40	NA	Female	37	NA	1544381	TAGTCGTCTAGT	GGACTACHVGGGTWTCTAAT	565	1
USchp1Child.418697	USchp1Child	USA	Philadelphia	USchp1	Child	5	NA	Female	17,9	NA	1704742	GGCGTACTGATG	GGACTACHVGGGTWTCTAAT	559	2
USchp1Mom.418814	USchp1Mom	USA	Philadelphia	USchp1	Mother	24	NA	Female	24,9	NA	2040458	GTAGCAACGTCT	GGACTACHVGGGTWTCTAAT	559	2
USchp25Child.418345	USchp25Child	USA	Philadelphia	USchp25	Child	6	NA	Male	19,1	NA	2030813	GGCTATGACATC	GGACTACHVGGGTWTCTAAT	565	1
USchp25Mom.418780	USchp25Mom	USA	Philadelphia	USchp25	Mother	34	NA	Female	66,0453181722221	NA	1604295	GTAGCGCGAGTT	GGACTACHVGGGTWTCTAAT	565	1
USchp33ChildA.418742	USchp33ChildA	USA	Philadelphia	USchp33	Child	5	NA	Female	16,9	NA	2370250	GTCCATAGCTAG	GGACTACHVGGGTWTCTAAT	565	1
USchp33ChildB.418578	USchp33ChildB	USA	Philadelphia	USchp33	Child	7	NA	Female	15,4308824169775	NA	2143237	GTGACCTGATGT	GGACTACHVGGGTWTCTAAT	565	1
USchp33Mom.418698	USchp33Mom	USA	Philadelphia	USchp33	Mother	45	NA	Female	31,312097906565	NA	1976664	GTTAGAGCACTC	GGACTACHVGGGTWTCTAAT	565	1
USchp35Child.418784	USchp35Child	USA	Philadelphia	USchp35	Child	9	NA	Female	16,1419035943939	NA	2315657	TACCGCTAGTAG	GGACTACHVGGGTWTCTAAT	565	1
USchp35Mom.418515	USchp35Mom	USA	Philadelphia	USchp35	Mother	44	NA	Female	27,4	NA	2110315	TAGAGAGAGTGG	GGACTACHVGGGTWTCTAAT	565	1
USchp36Infant.418576	USchp36Infant	USA	Philadelphia	USchp36	Child	1	NA	Male	18,2555920667397	NA	2256401	TACTAATCTGCG	GGACTACHVGGGTWTCTAAT	559	1
USchp36Mom.418718	USchp36Mom	USA	Philadelphia	USchp36	Mother	36	NA	Female	19,8	NA	2265721	TAGCCTCTCTGC	GGACTACHVGGGTWTCTAAT	559	1
USchp3Child.418614	USchp3Child	USA	Philadelphia	USchp3	Child	6	NA	Female	18,9	NA	1635432	GTCATTCACGAG	GGACTACHVGGGTWTCTAAT	559	2
USchp3Mom.418727	USchp3Mom	USA	Philadelphia	USchp3	Mother	29	NA	Female	36,6864639054722	NA	2092221	GTCTTCGTCGCT	GGACTACHVGGGTWTCTAAT	559	2
USchp41Infant.418542	USchp41Infant	USA	Philadelphia	USchp41	Child	1	NA	Male	19,0249702734839	NA	1430979	GGTATACGCAGC	GGACTACHVGGGTWTCTAAT	565	1
USchp41Mom.418801	USchp41Mom	USA	Philadelphia	USchp41	Mother	26	NA	Female	22,0469483402202	NA	1909523	GTAGCTGACGCA	GGACTACHVGGGTWTCTAAT	565	1
USchp4Infant.418833	USchp4Infant	USA	Philadelphia	USchp4	Child	1	NA	Female	14,2045454545455	NA	2010508	GTGTTGCAGCAT	GGACTACHVGGGTWTCTAAT	559	2
USchp4Mom.418666	USchp4Mom	USA	Philadelphia	USchp4	Mother	35	NA	Female	46,5816108191195	NA	1430252	TACATCACCACA	GGACTACHVGGGTWTCTAAT	565	1
USchp50Infant.418380	USchp50Infant	USA	Philadelphia	USchp50	Child	1	NA	Female	17,9329080308904	NA	1797498	GTCGACTCCTCT	GGACTACHVGGGTWTCTAAT	565	1
USchp60Child.418703	USchp60Child	USA	Philadelphia	USchp60	Child	1	NA	Male	13,8	NA	2426721	GTTCGCGTATAG	GGACTACHVGGGTWTCTAAT	565	1
USchp60Mom.418566	USchp60Mom	USA	Philadelphia	USchp60	Mother	33	NA	Female	21,9657241302648	NA	1991119	TACGATGACCAC	GGACTACHVGGGTWTCTAAT	565	1
USinfTw1.1.418752	USinfTw1.1	USA	StLouis	USinfTw1	Twin1	0,083333333	DZ	Male	NA	No (Formula-fed)	1714322	GCTTGCGAGACA	GGACTACHVGGGTWTCTAAT	559	1
USinfTw1.2.418491	USinfTw1.2	USA	StLouis	USinfTw1	Twin2	0,083333333	DZ	Male	NA	No (Formula-fed)	595341	GTACGGCATACG	GGACTACHVGGGTWTCTAAT	559	1
USinfTw10.1.418518	USinfTw10.1	USA	StLouis	USinfTw10	Twin1	0,416666667	MZ	Male	NA	No (Formula-fed)	2051751	GTCAACGCGATG	GGACTACHVGGGTWTCTAAT	559	1
USinfTw10.2.418840	USinfTw10.2	USA	StLouis	USinfTw10	Twin2	0,416666667	MZ	Male	NA	No (Formula-fed)	1514510	GTCTCTCTACGC	GGACTACHVGGGTWTCTAAT	559	1
USinfTw11.1.418800	USinfTw11.1	USA	StLouis	USinfTw11	Twin1	0,5	MZ	Female	NA	No (Formula-fed)	1899900	GTGTCTACATTG	GGACTACHVGGGTWTCTAAT	559	1
USinfTw11.2.418340	USinfTw11.2	USA	StLouis	USinfTw11	Twin2	0,5	MZ	Female	NA	No (Formula-fed)	2334266	TACACGATCTAC	GGACTACHVGGGTWTCTAAT	559	1
USinfTw12.1.418649	USinfTw12.1	USA	StLouis	USinfTw12	Twin1	0,5	DZ	Female	NA	No (Formula-fed)	1936824	TACTGGACGCGA	GGACTACHVGGGTWTCTAAT	559	1
USinfTw12.2.418448	USinfTw12.2	USA	StLouis	USinfTw12	Twin2	0,5	DZ	Female	NA	No (Formula-fed)	2551008	TAGCTCGTAACT	GGACTACHVGGGTWTCTAAT	559	1
USinfTw13.1.418775	USinfTw13.1	USA	StLouis	USinfTw13	NA	0,583333333	MZ	Female	NA	No (Formula-fed)	1665495	GGCAGTGTATCG	GGACTACHVGGGTWTCTAAT	559	2
USinfTw13.2.418343	USinfTw13.2	USA	StLouis	USinfTw13	NA	0,583333333	MZ	Female	NA	No (Formula-fed)	1445277	GTAGAGCTGTTC	GGACTACHVGGGTWTCTAAT	559	2
USinfTw15.1.418587	USinfTw15.1	USA	StLouis	USinfTw15	Twin1	0,666666667	unknown	Female	NA	No (Formula-fed)	1861769	GTCACGACTATT	GGACTACHVGGGTWTCTAAT	559	2
USinfTw15.2.418748	USinfTw15.2	USA	StLouis	USinfTw15	Twin2	0,666666667	unknown	Female	NA	No (Formula-fed)	1719658	GTCTGACAGTTG	GGACTACHVGGGTWTCTAAT	559	2
USinfTw16.1.418781	USinfTw16.1	USA	StLouis	USinfTw16	Twin1	0,75	MZ	Male	NA	No (Formula-fed)	1503385	GTGTGCTATCAG	GGACTACHVGGGTWTCTAAT	559	2
USinfTw16.2.418641	USinfTw16.2	USA	StLouis	USinfTw16	Twin2	0,75	MZ	Male	NA	No (Formula-fed)	1749696	TACAGATGGCTC	GGACTACHVGGGTWTCTAAT	559	2
USinfTw17.1.418390	USinfTw17.1	USA	StLouis	USinfTw17	Twin1	0,75	DZ	Female	NA	No (Formula-fed)	1653278	TACTTACTGCAG	GGACTACHVGGGTWTCTAAT	559	2
USinfTw18.1.418513	USinfTw18.1	USA	StLouis	USinfTw18	Twin1	0,916666667	DZ	Male	NA	NA	1775824	GGCGACATGTAC	GGACTACHVGGGTWTCTAAT	559	2
USinfTw18.2.418796	USinfTw18.2	USA	StLouis	USinfTw18	Twin2	0,916666667	DZ	Male	NA	NA	1650202	GTAGATGCTTCG	GGACTACHVGGGTWTCTAAT	559	2
USinfTw19.1.418798	USinfTw19.1	USA	StLouis	USinfTw19	Twin1	0,416666667	DZ	Female	NA	Yes	1553070	GTCATATCGTAC	GGACTACHVGGGTWTCTAAT	559	2
USinfTw19.2.418595	USinfTw19.2	USA	StLouis	USinfTw19	Twin2	0,416666667	DZ	Male	NA	Yes	1106780	GTCTGGATAGCG	GGACTACHVGGGTWTCTAAT	559	2
USinfTw2.1.418478	USinfTw2.1	USA	StLouis	USinfTw2	Twin1	0,083333333	MZ	Male	NA	No (Formula-fed)	1362328	GTATGCGCTGTA	GGACTACHVGGGTWTCTAAT	559	1
USinfTw2.2.418678	USinfTw2.2	USA	StLouis	USinfTw2	Twin2	0,083333333	MZ	Male	NA	No (Formula-fed)	1216558	GTCTATCGGAGT	GGACTACHVGGGTWTCTAAT	559	1
USinfTw20.1.418640	USinfTw20.1	USA	StLouis	USinfTw20	Twin1	0,083333333	MZ	Male	NA	Yes	1647411	GTGTGTGTCAGG	GGACTACHVGGGTWTCTAAT	559	2
USinfTw20.2.418696	USinfTw20.2	USA	StLouis	USinfTw20	Twin2	0,083333333	MZ	Male	NA	Yes	1830250	TACAGTCTCATG	GGACTACHVGGGTWTCTAAT	559	2
USinfTw21.1.418467	USinfTw21.1	USA	StLouis	USinfTw21	Twin1	0,25	DZ	Female	NA	Yes	987302	TACTTCGCTCGC	GGACTACHVGGGTWTCTAAT	559	2
USinfTw21.2.418540	USinfTw21.2	USA	StLouis	USinfTw21	Twin2	0,25	DZ	Female	NA	Yes	1393894	TAGGTATCTCAC	GGACTACHVGGGTWTCTAAT	559	2
USinfTw3.1.418387	USinfTw3.1	USA	StLouis	USinfTw3	Twin1	0,166666667	DZ	Female	NA	No (Formula-fed)	1683788	GTGGCGATACAC	GGACTACHVGGGTWTCTAAT	559	1
USinfTw3.2.418812	USinfTw3.2	USA	StLouis	USinfTw3	Twin2	0,166666667	DZ	Female	NA	No (Formula-fed)	1601662	TAAGCGCAGCAC	GGACTACHVGGGTWTCTAAT	559	1
USinfTw4.1.418637	USinfTw4.1	USA	StLouis	USinfTw4	Twin1	0,166666667	MZ	Female	NA	Yes	1191470	TACTACATGGTC	GGACTACHVGGGTWTCTAAT	559	2
USinfTw4.2.418348	USinfTw4.2	USA	StLouis	USinfTw4	Twin2	0,166666667	MZ	Female	NA	Yes	1563861	TAGCGACATCTG	GGACTACHVGGGTWTCTAAT	559	2
USinfTw5.1.418422	USinfTw5.1	USA	StLouis	USinfTw5	Twin1	0,25	DZ	Male	NA	No (Formula-fed)	1700742	GGACGTCACAGT	GGACTACHVGGGTWTCTAAT	559	2
USinfTw5.2.418695	USinfTw5.2	USA	StLouis	USinfTw5	Twin2	0,25	DZ	Male	NA	No (Formula-fed)	1461964	GTACTCTAGACT	GGACTACHVGGGTWTCTAAT	559	2
USinfTw6.1.418613	USinfTw6.1	USA	StLouis	USinfTw6	Twin1	0,25	MZ	Female	NA	Yes	1341590	GTATGTTGCTCA	GGACTACHVGGGTWTCTAAT	559	2
USinfTw6.2.418594	USinfTw6.2	USA	StLouis	USinfTw6	Twin2	0,25	MZ	Female	NA	Yes	1156554	GTCTCATGTAGG	GGACTACHVGGGTWTCTAAT	559	2
USinfTw7.1.418386	USinfTw7.1	USA	StLouis	USinfTw7	Twin1	0,333333333	DZ	Male	NA	No (Formula-fed)	1825252	GTGTACCTATCA	GGACTACHVGGGTWTCTAAT	559	2
USinfTw7.2.418463	USinfTw7.2	USA	StLouis	USinfTw7	Twin2	0,333333333	DZ	Female	NA	No (Formula-fed)	1810758	TACACACATGGC	GGACTACHVGGGTWTCTAAT	559	2
USinfTw8.1.418366	USinfTw8.1	USA	StLouis	USinfTw8	Twin1	0,333333333	DZ	Male	NA	No (Formula-fed)	1489289	TACTGCGACAGT	GGACTACHVGGGTWTCTAAT	559	2
USinfTw8.2.418804	USinfTw8.2	USA	StLouis	USinfTw8	Twin2	0,333333333	DZ	Male	NA	No (Formula-fed)	1466291	TAGCGGATCACG	GGACTACHVGGGTWTCTAAT	559	2
USinfTw9.1.418845	USinfTw9.1	USA	StLouis	USinfTw9	Twin1	0,416666667	DZ	Female	NA	No (Formula-fed)	2301748	GGATCGCAGATC	GGACTACHVGGGTWTCTAAT	559	1
USinfTw9.2.418769	USinfTw9.2	USA	StLouis	USinfTw9	Twin2	0,416666667	DZ	Female	NA	No (Formula-fed)	1678046	GTAGACTGCGTG	GGACTACHVGGGTWTCTAAT	559	1
USygt1.F.418592	USygt1.F	USA	StLouisArea	USygt1	Father	57	NA	Male	26	NA	1371179	GTCGCTGTCTTC	GGACTACHVGGGTWTCTAAT	565	2
USygt1.M.418373	USygt1.M	USA	StLouisArea	USygt1	Mother	54	NA	Female	27	NA	1343550	GTAGTGTCTAGC	GGACTACHVGGGTWTCTAAT	565	2
USygt1.T1.418417	USygt1.T1	USA	StLouisArea	USygt1	Twin1	14	MZ	Female	18,5	NA	1590096	GCTGTAGTATGC	GGACTACHVGGGTWTCTAAT	565	2
USygt1.T2.418785	USygt1.T2	USA	StLouisArea	USygt1	Twin2	14	MZ	Female	18,5	NA	1375973	GGTCACTGACAG	GGACTACHVGGGTWTCTAAT	565	2
USygt10.M.418687	USygt10.M	USA	StLouisArea	USygt10	Mother	46	NA	Female	45	NA	2152623	GTGCACATTATC	GGACTACHVGGGTWTCTAAT	565	3
USygt10.T1.418683	USygt10.T1	USA	StLouisArea	USygt10	Twin1	16	DZ	Female	26	NA	2251106	GTATGACTGGCT	GGACTACHVGGGTWTCTAAT	565	3
USygt10.T2.418815	USygt10.T2	USA	StLouisArea	USygt10	Twin2	16	DZ	Male	25	NA	1979459	GTCTACACACAT	GGACTACHVGGGTWTCTAAT	565	3
USygt11.F.418661	USygt11.F	USA	StLouisArea	USygt11	Father	43	NA	Male	33	NA	3389825	GGTGCGTGTATG	GGACTACHVGGGTWTCTAAT	565	6
USygt11.M.418479	USygt11.M	USA	StLouisArea	USygt11	Mother	46	NA	Female	21	NA	2777855	GCTTCATAGTGT	GGACTACHVGGGTWTCTAAT	565	6
USygt11.T1.418632	USygt11.T1	USA	StLouisArea	USygt11	Twin1	13	DZ	Female	20	NA	2261707	TAACTCTGATGC	GGACTACHVGGGTWTCTAAT	565	3
USygt11.T2.418503	USygt11.T2	USA	StLouisArea	USygt11	Twin2	13	DZ	Female	21	NA	2396153	TACTAATCTGCG	GGACTACHVGGGTWTCTAAT	565	3
USygt12.F.418502	USygt12.F	USA	StLouisArea	USygt12	Father	45	NA	Male	26	NA	659141	GTACGGCATACG	GGACTACHVGGGTWTCTAAT	565	2
USygt12.M.418543	USygt12.M	USA	StLouisArea	USygt12	Mother	43	NA	Female	31	NA	1527162	GCTTGCGAGACA	GGACTACHVGGGTWTCTAAT	565	2
USygt12.T1.418615	USygt12.T1	USA	StLouisArea	USygt12	Twin1	13	DZ	Male	23	NA	3193957	GTACAAGAGTGA	GGACTACHVGGGTWTCTAAT	565	6
USygt12.T2.418790	USygt12.T2	USA	StLouisArea	USygt12	Twin2	13	DZ	Male	18,5	NA	1976064	TAGCCTCTCTGC	GGACTACHVGGGTWTCTAAT	565	3
USygt13.F.418411	USygt13.F	USA	StLouisArea	USygt13	Father	48	NA	Male	31	NA	1425153	GTGGCGATACAC	GGACTACHVGGGTWTCTAAT	565	2
USygt13.M.418644	USygt13.M	USA	StLouisArea	USygt13	Mother	47	NA	Female	23	NA	2459778	GTATCCATGCGA	GGACTACHVGGGTWTCTAAT	565	6
USygt13.T1.418495	USygt13.T1	USA	StLouisArea	USygt13	Twin1	14	DZ	Male	20	NA	1381086	GTATGCGCTGTA	GGACTACHVGGGTWTCTAAT	565	2
USygt13.T2.418745	USygt13.T2	USA	StLouisArea	USygt13	Twin2	14	DZ	Male	19	NA	1498265	GTCTATCGGAGT	GGACTACHVGGGTWTCTAAT	565	2
USygt14.F.418375	USygt14.F	USA	StLouisArea	USygt14	Father	51	NA	Male	23	NA	2492920	GTCTACACACAT	GGACTACHVGGGTWTCTAAT	565	6
USygt14.M.418857	USygt14.M	USA	StLouisArea	USygt14	Mother	49	NA	Female	22	NA	1463433	TACTACATGGTC	GGACTACHVGGGTWTCTAAT	565	2
USygt14.T1.418853	USygt14.T1	USA	StLouisArea	USygt14	Twin1	14	DZ	Female	19	NA	1426880	TAAGCGCAGCAC	GGACTACHVGGGTWTCTAAT	565	2
USygt14.T2.418813	USygt14.T2	USA	StLouisArea	USygt14	Twin2	14	DZ	Male	NA	NA	2503608	GTATGACTGGCT	GGACTACHVGGGTWTCTAAT	565	6
USygt15.F.418688	USygt15.F	USA	StLouisArea	USygt15	Father	48	NA	Male	29	NA	3030837	TAACTCTGATGC	GGACTACHVGGGTWTCTAAT	565	6
USygt15.M.418634	USygt15.M	USA	StLouisArea	USygt15	Mother	49	NA	Female	29	NA	2169139	GGACGTCACAGT	GGACTACHVGGGTWTCTAAT	565	3
USygt15.T1.418779	USygt15.T1	USA	StLouisArea	USygt15	Twin1	16	DZ	Female	21	NA	1317083	TAGCGACATCTG	GGACTACHVGGGTWTCTAAT	565	2
USygt15.T2.418859	USygt15.T2	USA	StLouisArea	USygt15	Twin2	16	DZ	Male	22	NA	2961389	GTGCACATTATC	GGACTACHVGGGTWTCTAAT	565	6
USygt16.B1.418368	USygt16.B1	USA	StLouisArea	USygt16	Brother1	11	NA	Male	16,5	NA	2546909	GTCGTGTGTCAA	GGACTACHVGGGTWTCTAAT	565	6
USygt16.F.418383	USygt16.F	USA	StLouisArea	USygt16	Father	46	NA	Male	31	NA	2220865	GTATGTTGCTCA	GGACTACHVGGGTWTCTAAT	565	3
USygt16.M.418462	USygt16.M	USA	StLouisArea	USygt16	Mother	42	NA	Female	30	NA	2682529	TAGCCTCTCTGC	GGACTACHVGGGTWTCTAAT	565	6
USygt16.T1.418527	USygt16.T1	USA	StLouisArea	USygt16	Twin1	13	DZ	Male	18,5	NA	2497721	TACTAATCTGCG	GGACTACHVGGGTWTCTAAT	565	6
USygt16.T2.418435	USygt16.T2	USA	StLouisArea	USygt16	Twin2	13	DZ	Male	18,5	NA	1976428	GTACTCTAGACT	GGACTACHVGGGTWTCTAAT	565	3
USygt17.M.418444	USygt17.M	USA	StLouisArea	USygt17	Mother	43	NA	Female	27	NA	2436430	TACACACATGGC	GGACTACHVGGGTWTCTAAT	565	3
USygt17.T1.418600	USygt17.T1	USA	StLouisArea	USygt17	Twin1	14	DZ	Male	18,5	NA	1896146	GTCTCATGTAGG	GGACTACHVGGGTWTCTAAT	565	3
USygt17.T2.418720	USygt17.T2	USA	StLouisArea	USygt17	Twin2	14	DZ	Male	19	NA	2181642	GTGTACCTATCA	GGACTACHVGGGTWTCTAAT	565	3
USygt18.M.418867	USygt18.M	USA	StLouisArea	USygt18	Mother	50	NA	Female	29	NA	2514697	GGATCGCAGATC	GGACTACHVGGGTWTCTAAT	565	3
USygt18.T1.418786	USygt18.T1	USA	StLouisArea	USygt18	Twin1	15	DZ	Female	18,5	NA	2155528	TACTGCGACAGT	GGACTACHVGGGTWTCTAAT	565	3
USygt18.T2.418629	USygt18.T2	USA	StLouisArea	USygt18	Twin2	15	DZ	Male	17	NA	1936587	TAGCGGATCACG	GGACTACHVGGGTWTCTAAT	565	3
USygt19.B1.418817	USygt19.B1	USA	StLouisArea	USygt19	Brother1	9	NA	Male	13,5	NA	2106111	GTGTCTACATTG	GGACTACHVGGGTWTCTAAT	565	3
USygt19.M.418397	USygt19.M	USA	StLouisArea	USygt19	Mother	43	NA	Female	23	NA	1971539	GTCTCTCTACGC	GGACTACHVGGGTWTCTAAT	565	3
USygt19.T1.418385	USygt19.T1	USA	StLouisArea	USygt19	Twin1	14	DZ	Male	18,5	NA	2373753	GTAGACTGCGTG	GGACTACHVGGGTWTCTAAT	565	3
USygt19.T2.418432	USygt19.T2	USA	StLouisArea	USygt19	Twin2	14	DZ	Male	18,5	NA	2224664	GTCAACGCGATG	GGACTACHVGGGTWTCTAAT	565	3
USygt2.M.418457	USygt2.M	USA	StLouisArea	USygt2	Mother	30	NA	Female	NA	NA	660660	GTGAGGTCGCTA	GGACTACHVGGGTWTCTAAT	565	2
USygt20.F.418339	USygt20.F	USA	StLouisArea	USygt20	Father	49	NA	Male	26	NA	2576224	GCTTGCGAGACA	GGACTACHVGGGTWTCTAAT	565	6
USygt20.M.418572	USygt20.M	USA	StLouisArea	USygt20	Mother	43	NA	Female	23	NA	2082253	TAGCTCGTAACT	GGACTACHVGGGTWTCTAAT	565	3
USygt20.T1.418564	USygt20.T1	USA	StLouisArea	USygt20	Twin1	14	DZ	Male	NA	NA	2436547	TACACGATCTAC	GGACTACHVGGGTWTCTAAT	565	3
USygt20.T2.418500	USygt20.T2	USA	StLouisArea	USygt20	Twin2	14	DZ	Male	NA	NA	2262779	TACTGGACGCGA	GGACTACHVGGGTWTCTAAT	565	3
USygt21.B1.418713	USygt21.B1	USA	StLouisArea	USygt21	Brother1	3	NA	Male	23	NA	2245016	GTCTGACAGTTG	GGACTACHVGGGTWTCTAAT	565	3
USygt21.F.418579	USygt21.F	USA	StLouisArea	USygt21	Father	41	NA	Male	27	NA	903508	GTACGGCATACG	GGACTACHVGGGTWTCTAAT	565	6
USygt21.M.418797	USygt21.M	USA	StLouisArea	USygt21	Mother	39	NA	Female	24	NA	2739005	GTCACGACTATT	GGACTACHVGGGTWTCTAAT	565	3
USygt21.T1.418559	USygt21.T1	USA	StLouisArea	USygt21	Twin1	15	DZ	Male	18,5	NA	2559228	GGCAGTGTATCG	GGACTACHVGGGTWTCTAAT	565	3
USygt21.T2.418484	USygt21.T2	USA	StLouisArea	USygt21	Twin2	15	DZ	Male	19	NA	2250579	GTAGAGCTGTTC	GGACTACHVGGGTWTCTAAT	565	3
USygt22.F.418477	USygt22.F	USA	StLouisArea	USygt22	Father	50	NA	Male	38	NA	2611698	GTATGCGCTGTA	GGACTACHVGGGTWTCTAAT	565	6
USygt22.M.418388	USygt22.M	USA	StLouisArea	USygt22	Mother	50	NA	Female	45	NA	1341624	TACTTACTGCAG	GGACTACHVGGGTWTCTAAT	565	4
USygt22.T1.418770	USygt22.T1	USA	StLouisArea	USygt22	Twin1	15	DZ	Male	36	NA	2728894	GTGTGCTATCAG	GGACTACHVGGGTWTCTAAT	565	3
USygt22.T2.418493	USygt22.T2	USA	StLouisArea	USygt22	Twin2	15	DZ	Male	28	NA	1109757	TACAGATGGCTC	GGACTACHVGGGTWTCTAAT	565	4
USygt23.F.418490	USygt23.F	USA	StLouisArea	USygt23	Father	50	NA	Male	28	NA	2727236	GTGCAATCGACG	GGACTACHVGGGTWTCTAAT	565	6
USygt23.M.418612	USygt23.M	USA	StLouisArea	USygt23	Mother	49	NA	Female	23	NA	1683330	GGCGACATGTAC	GGACTACHVGGGTWTCTAAT	565	4
USygt23.T1.418854	USygt23.T1	USA	StLouisArea	USygt23	Twin1	14	DZ	Male	21	NA	2465557	GTCTATCGGAGT	GGACTACHVGGGTWTCTAAT	565	6
USygt23.T2.418458	USygt23.T2	USA	StLouisArea	USygt23	Twin2	14	DZ	Male	21	NA	1179383	TAGCTGAGTCCA	GGACTACHVGGGTWTCTAAT	565	4
USygt24.M.418730	USygt24.M	USA	StLouisArea	USygt24	Mother	43	NA	Female	34	NA	1052688	GTCTGGATAGCG	GGACTACHVGGGTWTCTAAT	565	4
USygt24.T1.418841	USygt24.T1	USA	StLouisArea	USygt24	Twin1	14	MZ	Female	17	NA	1618968	GTAGATGCTTCG	GGACTACHVGGGTWTCTAAT	565	4
USygt24.T2.418363	USygt24.T2	USA	StLouisArea	USygt24	Twin2	14	MZ	Female	17	NA	1437643	GTCATATCGTAC	GGACTACHVGGGTWTCTAAT	565	4
USygt25.B1.418792	USygt25.B1	USA	StLouisArea	USygt25	Brother1	11	NA	Male	18	NA	2926944	TAAGCGCAGCAC	GGACTACHVGGGTWTCTAAT	565	6
USygt25.B2.418685	USygt25.B2	USA	StLouisArea	USygt25	Brother2	9	NA	Male	20	NA	2265543	TAACAGTCGCTG	GGACTACHVGGGTWTCTAAT	565	5
USygt25.F.418747	USygt25.F	USA	StLouisArea	USygt25	Father	44	NA	Male	24	NA	2495403	GTGGCGATACAC	GGACTACHVGGGTWTCTAAT	565	6
USygt25.M.418835	USygt25.M	USA	StLouisArea	USygt25	Mother	44	NA	Female	43	NA	290609	TACTTCGCTCGC	GGACTACHVGGGTWTCTAAT	565	4
USygt25.S1.418338	USygt25.S1	USA	StLouisArea	USygt25	Sister1	7	NA	Female	19	NA	2208527	TACTACATGGTC	GGACTACHVGGGTWTCTAAT	565	6
USygt25.T1.418406	USygt25.T1	USA	StLouisArea	USygt25	Twin1	14	DZ	Male	20	NA	1775393	GTGTGTGTCAGG	GGACTACHVGGGTWTCTAAT	565	4
USygt25.T2.418341	USygt25.T2	USA	StLouisArea	USygt25	Twin2	14	DZ	Male	20	NA	1759180	TACAGTCTCATG	GGACTACHVGGGTWTCTAAT	565	4
USygt26.M.418352	USygt26.M	USA	StLouisArea	USygt26	Mother	50	NA	Female	27	NA	1185572	GTAGCAACGTCT	GGACTACHVGGGTWTCTAAT	565	4
USygt26.T1.418758	USygt26.T1	USA	StLouisArea	USygt26	Twin1	16	DZ	Female	21	NA	1772136	TAGGTATCTCAC	GGACTACHVGGGTWTCTAAT	565	4
USygt26.T2.418693	USygt26.T2	USA	StLouisArea	USygt26	Twin2	16	DZ	Male	18,5	NA	1229257	GGCGTACTGATG	GGACTACHVGGGTWTCTAAT	565	4
USygt27.F.418639	USygt27.F	USA	StLouisArea	USygt27	Father	47	NA	Male	32	NA	2019605	TACGTGTACGTG	GGACTACHVGGGTWTCTAAT	565	5
USygt27.M.418861	USygt27.M	USA	StLouisArea	USygt27	Mother	46	NA	Female	21	NA	2550472	TAGCGACATCTG	GGACTACHVGGGTWTCTAAT	565	6
USygt27.T1.418441	USygt27.T1	USA	StLouisArea	USygt27	Twin1	13	DZ	Male	20	NA	1323351	GTCATTCACGAG	GGACTACHVGGGTWTCTAAT	565	4
USygt27.T2.418523	USygt27.T2	USA	StLouisArea	USygt27	Twin2	13	DZ	Male	20	NA	1470776	GTCTTCGTCGCT	GGACTACHVGGGTWTCTAAT	565	4
USygt28.M.418808	USygt28.M	USA	StLouisArea	USygt28	Mother	47	NA	Female	34	NA	2301778	GTATGTTGCTCA	GGACTACHVGGGTWTCTAAT	565	6
USygt28.T1.418827	USygt28.T1	USA	StLouisArea	USygt28	Twin1	16	DZ	Female	21	NA	3439721	GGACGTCACAGT	GGACTACHVGGGTWTCTAAT	565	6
USygt28.T2.418449	USygt28.T2	USA	StLouisArea	USygt28	Twin2	16	DZ	Male	23	NA	2446865	GTACTCTAGACT	GGACTACHVGGGTWTCTAAT	565	6
USygt29.M.418603	USygt29.M	USA	StLouisArea	USygt29	Mother	52	NA	Female	22	NA	1452946	GTGTTGCAGCAT	GGACTACHVGGGTWTCTAAT	565	4
USygt29.T1.418673	USygt29.T1	USA	StLouisArea	USygt29	Twin1	14	MZ	Female	21	NA	2216676	GTCTCATGTAGG	GGACTACHVGGGTWTCTAAT	565	6
USygt29.T2.418768	USygt29.T2	USA	StLouisArea	USygt29	Twin2	14	MZ	Female	21	NA	2556899	GTGTACCTATCA	GGACTACHVGGGTWTCTAAT	565	6
USygt3.M.418496	USygt3.M	USA	StLouisArea	USygt3	Mother	41	NA	Female	26	NA	375329	TACGCGCTGAGA	GGACTACHVGGGTWTCTAAT	565	2
USygt3.T1.418429	USygt3.T1	USA	StLouisArea	USygt3	Twin1	14	MZ	Female	19	NA	1353161	GTTGACGACAGC	GGACTACHVGGGTWTCTAAT	565	2
USygt3.T2.418807	USygt3.T2	USA	StLouisArea	USygt3	Twin2	14	MZ	Female	19	NA	2412523	GTGATAGTGCCG	GGACTACHVGGGTWTCTAAT	565	5
USygt30.F.418729	USygt30.F	USA	StLouisArea	USygt30	Father	50	NA	Male	28	NA	2301973	TAGCGGATCACG	GGACTACHVGGGTWTCTAAT	565	6
USygt30.M.418398	USygt30.M	USA	StLouisArea	USygt30	Mother	47	NA	Female	34	NA	1568955	TACATCACCACA	GGACTACHVGGGTWTCTAAT	565	4
USygt30.T1.418821	USygt30.T1	USA	StLouisArea	USygt30	Twin1	14	DZ	Female	21	NA	2922360	TACACACATGGC	GGACTACHVGGGTWTCTAAT	565	6
USygt30.T2.418609	USygt30.T2	USA	StLouisArea	USygt30	Twin2	14	DZ	Female	21	NA	2363292	TACTGCGACAGT	GGACTACHVGGGTWTCTAAT	565	6
USygt31.M.418440	USygt31.M	USA	StLouisArea	USygt31	Mother	41	NA	Female	26	NA	1638453	TAGACTGTACTC	GGACTACHVGGGTWTCTAAT	565	4
USygt31.T1.418408	USygt31.T1	USA	StLouisArea	USygt31	Twin1	14	DZ	Female	30	NA	3011066	GGATCGCAGATC	GGACTACHVGGGTWTCTAAT	565	6
USygt31.T2.418361	USygt31.T2	USA	StLouisArea	USygt31	Twin2	14	DZ	Female	24	NA	3260001	GTAGACTGCGTG	GGACTACHVGGGTWTCTAAT	565	6
USygt32.M.418562	USygt32.M	USA	StLouisArea	USygt32	Mother	35	NA	Female	58	NA	1900682	GTCTCTCTACGC	GGACTACHVGGGTWTCTAAT	565	6
USygt32.S1.418608	USygt32.S1	USA	StLouisArea	USygt32	Sister1	8	NA	Female	25	NA	1499405	TAGTCGTCTAGT	GGACTACHVGGGTWTCTAAT	565	4
USygt32.T1.418708	USygt32.T1	USA	StLouisArea	USygt32	Twin1	16	DZ	Female	20	NA	2977372	GTCAACGCGATG	GGACTACHVGGGTWTCTAAT	565	6
USygt32.T2.418437	USygt32.T2	USA	StLouisArea	USygt32	Twin2	16	DZ	Male	22	NA	2241144	TAGCATCGTGGT	GGACTACHVGGGTWTCTAAT	565	5
USygt33.M.418638	USygt33.M	USA	StLouisArea	USygt33	Mother	47	NA	Female	21	NA	2474744	GTGTCTACATTG	GGACTACHVGGGTWTCTAAT	565	6
USygt33.T1.418574	USygt33.T1	USA	StLouisArea	USygt33	Twin1	14	DZ	Female	20	NA	1468000	GGCTATGACATC	GGACTACHVGGGTWTCTAAT	565	4
USygt33.T2.418787	USygt33.T2	USA	StLouisArea	USygt33	Twin2	14	DZ	Male	19	NA	2167748	GCTTCATAGTGT	GGACTACHVGGGTWTCTAAT	565	5
USygt34.F.418402	USygt34.F	USA	StLouisArea	USygt34	Father	40	NA	Male	NA	NA	2861891	TACACGATCTAC	GGACTACHVGGGTWTCTAAT	565	6
USygt34.M.418823	USygt34.M	USA	StLouisArea	USygt34	Mother	36	NA	Female	43	NA	1238648	GTAGCGCGAGTT	GGACTACHVGGGTWTCTAAT	565	4
USygt34.T1.418567	USygt34.T1	USA	StLouisArea	USygt34	Twin1	16	DZ	Female	23	NA	2350373	GTACAAGAGTGA	GGACTACHVGGGTWTCTAAT	565	5
USygt35.M.418364	USygt35.M	USA	StLouisArea	USygt35	Mother	39	NA	Female	33	NA	1641312	GTGACCTGATGT	GGACTACHVGGGTWTCTAAT	565	4
USygt35.T1.418610	USygt35.T1	USA	StLouisArea	USygt35	Twin1	15	MZ	Male	17,5	NA	2203957	TACTGGACGCGA	GGACTACHVGGGTWTCTAAT	565	6
USygt35.T2.418689	USygt35.T2	USA	StLouisArea	USygt35	Twin2	15	MZ	Male	20	NA	1532762	GTCCATAGCTAG	GGACTACHVGGGTWTCTAAT	565	4
USygt36.M.418734	USygt36.M	USA	StLouisArea	USygt36	Mother	42	NA	Female	22	NA	1755599	TACCGCTAGTAG	GGACTACHVGGGTWTCTAAT	565	4
USygt36.T1.418651	USygt36.T1	USA	StLouisArea	USygt36	Twin1	13	MZ	Female	19	NA	2065743	GTCTACACACAT	GGACTACHVGGGTWTCTAAT	565	5
USygt36.T2.418655	USygt36.T2	USA	StLouisArea	USygt36	Twin2	13	MZ	Female	18,5	NA	1649641	GTTAGAGCACTC	GGACTACHVGGGTWTCTAAT	565	4
USygt37.B1.418521	USygt37.B1	USA	StLouisArea	USygt37	Brother1	10	NA	Male	34	NA	1670956	TAGAGAGAGTGG	GGACTACHVGGGTWTCTAAT	565	4
USygt37.F.418676	USygt37.F	USA	StLouisArea	USygt37	Father	52	NA	Male	33	NA	2142160	TACTAATCTGCG	GGACTACHVGGGTWTCTAAT	565	5
USygt37.M.418793	USygt37.M	USA	StLouisArea	USygt37	Mother	51	NA	Female	35	NA	2040376	GTTCGCGTATAG	GGACTACHVGGGTWTCTAAT	565	7
USygt37.T1.418580	USygt37.T1	USA	StLouisArea	USygt37	Twin1	16	DZ	Female	31	NA	2340137	GTGCACATTATC	GGACTACHVGGGTWTCTAAT	565	5
USygt37.T2.418585	USygt37.T2	USA	StLouisArea	USygt37	Twin2	16	DZ	Female	28	NA	2408828	TAGCTCGTAACT	GGACTACHVGGGTWTCTAAT	565	6
USygt38.F.418465	USygt38.F	USA	StLouisArea	USygt38	Father	44	NA	Male	23	NA	1624802	GGTATACGCAGC	GGACTACHVGGGTWTCTAAT	565	4
USygt38.M.418740	USygt38.M	USA	StLouisArea	USygt38	Mother	45	NA	Female	21	NA	1515097	TAGTGCTGCGTA	GGACTACHVGGGTWTCTAAT	565	4
USygt38.T1.418654	USygt38.T1	USA	StLouisArea	USygt38	Twin1	17	MZ	Male	22	NA	1916720	GGCAGTGTATCG	GGACTACHVGGGTWTCTAAT	565	7
USygt38.T2.418456	USygt38.T2	USA	StLouisArea	USygt38	Twin2	17	MZ	Male	21	NA	1440419	GTAGAGCTGTTC	GGACTACHVGGGTWTCTAAT	565	7
USygt39.F.418756	USygt39.F	USA	StLouisArea	USygt39	Father	46	NA	Male	32	NA	1638952	GTCGACTCCTCT	GGACTACHVGGGTWTCTAAT	565	4
USygt39.M.418483	USygt39.M	USA	StLouisArea	USygt39	Mother	54	NA	Female	32	NA	1361344	GTAGCTGACGCA	GGACTACHVGGGTWTCTAAT	565	4
USygt39.T1.418416	USygt39.T1	USA	StLouisArea	USygt39	Twin1	15	MZ	Female	23	NA	1827156	GTCACGACTATT	GGACTACHVGGGTWTCTAAT	565	7
USygt39.T2.418351	USygt39.T2	USA	StLouisArea	USygt39	Twin2	15	MZ	Female	21	NA	2131093	TAGCCTCTCTGC	GGACTACHVGGGTWTCTAAT	565	5
USygt4.F.418451	USygt4.F	USA	StLouisArea	USygt4	Father	54	NA	Male	NA	NA	1885708	GTATATCCGCAG	GGACTACHVGGGTWTCTAAT	565	3
USygt4.M.418367	USygt4.M	USA	StLouisArea	USygt4	Mother	47	NA	Female	19	NA	1925365	GGTCGTAGCGTA	GGACTACHVGGGTWTCTAAT	565	3
USygt4.T1.418764	USygt4.T1	USA	StLouisArea	USygt4	Twin1	15	MZ	Male	20	NA	1384569	TAGATCCTCGAT	GGACTACHVGGGTWTCTAAT	565	2
USygt4.T2.418732	USygt4.T2	USA	StLouisArea	USygt4	Twin2	15	MZ	Male	21	NA	2012421	GCTGTGTAGGAC	GGACTACHVGGGTWTCTAAT	565	3
USygt40.F.418369	USygt40.F	USA	StLouisArea	USygt40	Father	49	NA	Male	27	NA	1469423	TACAGATGGCTC	GGACTACHVGGGTWTCTAAT	565	7
USygt40.M.418504	USygt40.M	USA	StLouisArea	USygt40	Mother	49	NA	Female	24	NA	1762152	GTGTGCTATCAG	GGACTACHVGGGTWTCTAAT	565	7
USygt40.T1.418834	USygt40.T1	USA	StLouisArea	USygt40	Twin1	15	MZ	Female	21	NA	1799607	GTCTGACAGTTG	GGACTACHVGGGTWTCTAAT	565	7
USygt40.T2.418474	USygt40.T2	USA	StLouisArea	USygt40	Twin2	15	MZ	Female	18,5	NA	1993170	GCTTGCGAGACA	GGACTACHVGGGTWTCTAAT	565	5
USygt41.B1.418570	USygt41.B1	USA	StLouisArea	USygt41	Brother1	10	NA	Male	33	NA	1599795	GTAGATGCTTCG	GGACTACHVGGGTWTCTAAT	565	7
USygt41.F.418802	USygt41.F	USA	StLouisArea	USygt41	Father	44	NA	Male	24	NA	1948490	GGCGACATGTAC	GGACTACHVGGGTWTCTAAT	565	7
USygt41.M.418492	USygt41.M	USA	StLouisArea	USygt41	Mother	42	NA	Female	36	NA	1595539	GTGACTGCGGAT	GGACTACHVGGGTWTCTAAT	565	4
USygt41.T1.418847	USygt41.T1	USA	StLouisArea	USygt41	Twin1	15	DZ	Female	29	NA	1688794	TACTTACTGCAG	GGACTACHVGGGTWTCTAAT	565	7
USygt41.T2.418682	USygt41.T2	USA	StLouisArea	USygt41	Twin2	15	DZ	Female	22	NA	1465236	TAGCTGAGTCCA	GGACTACHVGGGTWTCTAAT	565	7
USygt42.F.418628	USygt42.F	USA	StLouisArea	USygt42	Father	46	NA	Male	33	NA	1648524	TAGATAGCAGGA	GGACTACHVGGGTWTCTAAT	565	4
USygt42.M.418663	USygt42.M	USA	StLouisArea	USygt42	Mother	45	NA	Female	22	NA	1793050	TACGATGACCAC	GGACTACHVGGGTWTCTAAT	565	4
USygt42.T1.418811	USygt42.T1	USA	StLouisArea	USygt42	Twin1	14	MZ	Male	21	NA	1830821	GTTCGCGTATAG	GGACTACHVGGGTWTCTAAT	565	4
USygt42.T2.418716	USygt42.T2	USA	StLouisArea	USygt42	Twin2	14	MZ	Male	21	NA	1417908	GTCATATCGTAC	GGACTACHVGGGTWTCTAAT	565	7
USygt43.F.418760	USygt43.F	USA	StLouisArea	USygt43	Father	45	NA	Male	26	NA	1959026	GTGTGTGTCAGG	GGACTACHVGGGTWTCTAAT	565	7
USygt43.M.418520	USygt43.M	USA	StLouisArea	USygt43	Mother	48	NA	Female	24	NA	1530072	GTCTGGATAGCG	GGACTACHVGGGTWTCTAAT	565	7
USygt43.T1.418816	USygt43.T1	USA	StLouisArea	USygt43	Twin1	14	MZ	Female	19	NA	1430654	TAGTGTGCTTCA	GGACTACHVGGGTWTCTAAT	565	4
USygt43.T2.418799	USygt43.T2	USA	StLouisArea	USygt43	Twin2	14	MZ	Female	17	NA	1902166	GCTGTAGTATGC	GGACTACHVGGGTWTCTAAT	565	4
USygt44.B1.418371	USygt44.B1	USA	StLouisArea	USygt44	Brother1	7	NA	Male	15	NA	1670438	GGTCACTGACAG	GGACTACHVGGGTWTCTAAT	565	4
USygt44.F.418709	USygt44.F	USA	StLouisArea	USygt44	Father	44	NA	Male	36	NA	1622118	TACTTCGCTCGC	GGACTACHVGGGTWTCTAAT	565	7
USygt44.M.418360	USygt44.M	USA	StLouisArea	USygt44	Mother	42	NA	Female	24	NA	2168359	GTATGCGCTGTA	GGACTACHVGGGTWTCTAAT	565	5
USygt44.T1.418626	USygt44.T1	USA	StLouisArea	USygt44	Twin1	15	MZ	Male	17	NA	862344	GTACGGCATACG	GGACTACHVGGGTWTCTAAT	565	5
USygt44.T2.418648	USygt44.T2	USA	StLouisArea	USygt44	Twin2	15	MZ	Male	17	NA	1720561	TACAGTCTCATG	GGACTACHVGGGTWTCTAAT	565	7
USygt45.F.418753	USygt45.F	USA	StLouisArea	USygt45	Father	52	NA	Male	29	NA	2161260	GTCTATCGGAGT	GGACTACHVGGGTWTCTAAT	565	5
USygt45.M.418662	USygt45.M	USA	StLouisArea	USygt45	Mother	53	NA	Female	26	NA	873048	GTGAGGTCGCTA	GGACTACHVGGGTWTCTAAT	565	5
USygt45.T1.418763	USygt45.T1	USA	StLouisArea	USygt45	Twin1	16	MZ	Male	19	NA	1610038	GTAGTGTCTAGC	GGACTACHVGGGTWTCTAAT	565	4
USygt45.T2.418535	USygt45.T2	USA	StLouisArea	USygt45	Twin2	16	MZ	Male	18,5	NA	1939720	GTCGCTGTCTTC	GGACTACHVGGGTWTCTAAT	565	5
USygt46.F.418450	USygt46.F	USA	StLouisArea	USygt46	Father	57	NA	Male	31	NA	2231613	GTGGCGATACAC	GGACTACHVGGGTWTCTAAT	565	5
USygt46.M.418453	USygt46.M	USA	StLouisArea	USygt46	Mother	50	NA	Female	22	NA	1803822	GGCGTACTGATG	GGACTACHVGGGTWTCTAAT	565	7
USygt46.T1.418865	USygt46.T1	USA	StLouisArea	USygt46	Twin1	16	DZ	Female	21	NA	1455064	TAGGTATCTCAC	GGACTACHVGGGTWTCTAAT	565	7
USygt46.T2.418679	USygt46.T2	USA	StLouisArea	USygt46	Twin2	16	DZ	Male	25	NA	2119650	GTTGACGACAGC	GGACTACHVGGGTWTCTAAT	565	5
USygt47.F.418643	USygt47.F	USA	StLouisArea	USygt47	Father	53	NA	Male	26	NA	2054339	TAGCGACATCTG	GGACTACHVGGGTWTCTAAT	565	5
USygt47.M.418401	USygt47.M	USA	StLouisArea	USygt47	Mother	48	NA	Female	24	NA	1895103	TACTACATGGTC	GGACTACHVGGGTWTCTAAT	565	5
USygt47.T1.418692	USygt47.T1	USA	StLouisArea	USygt47	Twin1	15	MZ	Female	18,5	NA	1632230	TAAGCGCAGCAC	GGACTACHVGGGTWTCTAAT	565	5
USygt47.T2.418762	USygt47.T2	USA	StLouisArea	USygt47	Twin2	15	MZ	Female	18,5	NA	1526448	GTAGCAACGTCT	GGACTACHVGGGTWTCTAAT	565	7
USygt48.F.418551	USygt48.F	USA	StLouisArea	USygt48	Father	41	NA	Male	26	NA	1912904	TACATCACCACA	GGACTACHVGGGTWTCTAAT	565	7
USygt48.M.418794	USygt48.M	USA	StLouisArea	USygt48	Mother	41	NA	Female	31	NA	1719864	GTGTTGCAGCAT	GGACTACHVGGGTWTCTAAT	565	7
USygt48.T1.418674	USygt48.T1	USA	StLouisArea	USygt48	Twin1	16	MZ	Male	24	NA	1779997	GTCATTCACGAG	GGACTACHVGGGTWTCTAAT	565	7
USygt48.T2.418547	USygt48.T2	USA	StLouisArea	USygt48	Twin2	16	MZ	Male	23	NA	1599641	GTCTTCGTCGCT	GGACTACHVGGGTWTCTAAT	565	7
USygt49.B1.418842	USygt49.B1	USA	StLouisArea	USygt49	Brother1	9	NA	Male	19	NA	1523969	GTAGCGCGAGTT	GGACTACHVGGGTWTCTAAT	565	7
USygt49.F.418818	USygt49.F	USA	StLouisArea	USygt49	Father	44	NA	Male	33	NA	1522836	GGCTATGACATC	GGACTACHVGGGTWTCTAAT	565	7
USygt49.M.418347	USygt49.M	USA	StLouisArea	USygt49	Mother	44	NA	Female	35	NA	1741601	TAGTCGTCTAGT	GGACTACHVGGGTWTCTAAT	565	7
USygt49.T1.418399	USygt49.T1	USA	StLouisArea	USygt49	Twin1	14	DZ	Female	18,5	NA	1730248	TAGACTGTACTC	GGACTACHVGGGTWTCTAAT	565	7
USygt49.T2.418670	USygt49.T2	USA	StLouisArea	USygt49	Twin2	14	DZ	Female	19	NA	2843266	GGACGTCACAGT	GGACTACHVGGGTWTCTAAT	565	5
USygt5.F.418630	USygt5.F	USA	StLouisArea	USygt5	Father	45	NA	Male	28	NA	2334685	TACGGTATGTCT	GGACTACHVGGGTWTCTAAT	565	3
USygt5.M.418357	USygt5.M	USA	StLouisArea	USygt5	Mother	41	NA	Female	26	NA	2506588	GTTGTATACTCG	GGACTACHVGGGTWTCTAAT	565	3
USygt5.T1.418573	USygt5.T1	USA	StLouisArea	USygt5	Twin1	16	MZ	Male	25	NA	2175769	GTCGTAGCCAGA	GGACTACHVGGGTWTCTAAT	565	3
USygt5.T2.418805	USygt5.T2	USA	StLouisArea	USygt5	Twin2	16	MZ	Male	25	NA	2198081	GTGATAGTGCCG	GGACTACHVGGGTWTCTAAT	565	3
USygt50.F.418499	USygt50.F	USA	StLouisArea	USygt50	Father	54	NA	Male	28	NA	2057207	TACGCGCTGAGA	GGACTACHVGGGTWTCTAAT	565	5
USygt50.M.418681	USygt50.M	USA	StLouisArea	USygt50	Mother	50	NA	Female	24	NA	1808684	GTGACCTGATGT	GGACTACHVGGGTWTCTAAT	565	7
USygt50.T1.418743	USygt50.T1	USA	StLouisArea	USygt50	Twin1	16	MZ	Female	23	NA	2112187	GTACTCTAGACT	GGACTACHVGGGTWTCTAAT	565	5
USygt50.T2.418852	USygt50.T2	USA	StLouisArea	USygt50	Twin2	16	MZ	Female	23	NA	1749042	GTCCATAGCTAG	GGACTACHVGGGTWTCTAAT	565	7
USygt51.F.418349	USygt51.F	USA	StLouisArea	USygt51	Father	57	NA	Male	22	NA	1750445	TAGTGCTGCGTA	GGACTACHVGGGTWTCTAAT	565	7
USygt51.M.418844	USygt51.M	USA	StLouisArea	USygt51	Mother	55	NA	Female	43	NA	1857399	TAGAGAGAGTGG	GGACTACHVGGGTWTCTAAT	565	7
USygt51.T1.418476	USygt51.T1	USA	StLouisArea	USygt51	Twin1	16	DZ	Female	15	NA	1756355	GTTAGAGCACTC	GGACTACHVGGGTWTCTAAT	565	7
USygt51.T2.418469	USygt51.T2	USA	StLouisArea	USygt51	Twin2	16	DZ	Male	20	NA	2135041	TACCGCTAGTAG	GGACTACHVGGGTWTCTAAT	565	7
USygt52.F.418555	USygt52.F	USA	StLouisArea	USygt52	Father	47	NA	Male	28	NA	2585478	GCTGTGTAGGAC	GGACTACHVGGGTWTCTAAT	565	5
USygt52.M.418736	USygt52.M	USA	StLouisArea	USygt52	Mother	43	NA	Female	20	NA	1711361	GTAGCTGACGCA	GGACTACHVGGGTWTCTAAT	565	7
USygt52.T1.418819	USygt52.T1	USA	StLouisArea	USygt52	Twin1	16	MZ	Female	20	NA	2517159	TAGATCCTCGAT	GGACTACHVGGGTWTCTAAT	565	5
USygt52.T2.418721	USygt52.T2	USA	StLouisArea	USygt52	Twin2	16	MZ	Female	21	NA	1847529	GGTATACGCAGC	GGACTACHVGGGTWTCTAAT	565	7
USygt53.F.418830	USygt53.F	USA	StLouisArea	USygt53	Father	48	NA	Male	24	NA	2206823	GTCTCATGTAGG	GGACTACHVGGGTWTCTAAT	565	5
USygt53.M.418452	USygt53.M	USA	StLouisArea	USygt53	Mother	47	NA	Female	24	NA	1979230	GTCGACTCCTCT	GGACTACHVGGGTWTCTAAT	565	7
USygt53.T1.418664	USygt53.T1	USA	StLouisArea	USygt53	Twin1	15	MZ	Female	19	NA	2103031	GTATGTTGCTCA	GGACTACHVGGGTWTCTAAT	565	5
USygt53.T2.418455	USygt53.T2	USA	StLouisArea	USygt53	Twin2	15	MZ	Female	19	NA	2167644	GGTCGTAGCGTA	GGACTACHVGGGTWTCTAAT	565	5
USygt54.AS.418858	USygt54.AS	USA	StLouisArea	USygt54	AdoptedSister	2	NA	Female	18	NA	2208120	GTCGTAGCCAGA	GGACTACHVGGGTWTCTAAT	565	5
USygt54.F.418487	USygt54.F	USA	StLouisArea	USygt54	Father	46	NA	Male	28	NA	2343367	TACTGCGACAGT	GGACTACHVGGGTWTCTAAT	565	5
USygt54.M.418445	USygt54.M	USA	StLouisArea	USygt54	Mother	49	NA	Female	23	NA	2843795	TACACACATGGC	GGACTACHVGGGTWTCTAAT	565	5
USygt54.T1.418381	USygt54.T1	USA	StLouisArea	USygt54	Twin1	15	DZ	Female	18	NA	2557427	GTGTACCTATCA	GGACTACHVGGGTWTCTAAT	565	5
USygt54.T2.418497	USygt54.T2	USA	StLouisArea	USygt54	Twin2	15	DZ	Female	21	NA	2313815	GTATATCCGCAG	GGACTACHVGGGTWTCTAAT	565	5
USygt6.AS.418353	USygt6.AS	USA	StLouisArea	USygt6	AdoptedSister	10	NA	Female	18	NA	1702556	GCTTACATCGAG	GGACTACHVGGGTWTCTAAT	565	2
USygt6.M.418593	USygt6.M	USA	StLouisArea	USygt6	Mother	44	NA	Female	23	NA	2006081	TAGCACACCTAT	GGACTACHVGGGTWTCTAAT	565	3
USygt6.T2.418728	USygt6.T2	USA	StLouisArea	USygt6	Twin2	15	MZ	Male	23	NA	2005645	GTTGTATACTCG	GGACTACHVGGGTWTCTAAT	565	5
USygt7.M.418598	USygt7.M	USA	StLouisArea	USygt7	Mother	47	NA	Female	40	NA	1265716	GTCGTGTGTCAA	GGACTACHVGGGTWTCTAAT	565	2
USygt7.T1.418622	USygt7.T1	USA	StLouisArea	USygt7	Twin1	13	DZ	Male	21	NA	1706062	GGTGCGTGTATG	GGACTACHVGGGTWTCTAAT	565	2
USygt7.T2.418392	USygt7.T2	USA	StLouisArea	USygt7	Twin2	13	DZ	Male	20	NA	1389637	GTATCCATGCGA	GGACTACHVGGGTWTCTAAT	565	2
USygt8.F.418739	USygt8.F	USA	StLouisArea	USygt8	Father	37	NA	Male	32	NA	2189950	TAGCATCGTGGT	GGACTACHVGGGTWTCTAAT	565	3
USygt8.M.418616	USygt8.M	USA	StLouisArea	USygt8	Mother	35	NA	Female	27	NA	1532459	TACGTGTACGTG	GGACTACHVGGGTWTCTAAT	565	2
USygt8.T1.418829	USygt8.T1	USA	StLouisArea	USygt8	Twin1	15	DZ	Male	22	NA	1604249	GTGCAATCGACG	GGACTACHVGGGTWTCTAAT	565	2
USygt8.T2.418755	USygt8.T2	USA	StLouisArea	USygt8	Twin2	15	DZ	Male	18,5	NA	1556676	TAACAGTCGCTG	GGACTACHVGGGTWTCTAAT	565	2
USygt9.B1.418824	USygt9.B1	USA	StLouisArea	USygt9	Brother1	10	NA	Male	16	NA	3015832	GCTTACATCGAG	GGACTACHVGGGTWTCTAAT	565	6
USygt9.F.418438	USygt9.F	USA	StLouisArea	USygt9	Father	46	NA	Male	20	NA	2274163	TAGCACACCTAT	GGACTACHVGGGTWTCTAAT	565	5
USygt9.M.418560	USygt9.M	USA	StLouisArea	USygt9	Mother	46	NA	Female	33	NA	2488041	GTACAAGAGTGA	GGACTACHVGGGTWTCTAAT	565	3
USygt9.T1.418606	USygt9.T1	USA	StLouisArea	USygt9	Twin1	16	DZ	Female	20	NA	2684946	GCTTCATAGTGT	GGACTACHVGGGTWTCTAAT	565	3
USygt9.T2.418652	USygt9.T2	USA	StLouisArea	USygt9	Twin2	16	DZ	Male	19	NA	1981500	TACGGTATGTCT	GGACTACHVGGGTWTCTAAT	565	5
