#SampleID	BarcodeSequence	LinkerPrimerSequence	Country	Region	FamilyID	FamilyMember	Age	Zygosity	Gender	BMI	BreastFed
h95S.1	TACTGCGACAGT	GGACTACHVGGGTWTCTAAT	Malawi	Mayaka	h95	Sibling	NA	NA	NA	NA	NA
h78A.4.418851	GTCTATCGGAGT	GGACTACHVGGGTWTCTAAT	Malawi	Mayaka	h78	Twin1	1,89	DZ	Male	15,8	Yes
h85S.1	GTATGTTGCTCA	GGACTACHVGGGTWTCTAAT	Malawi	Mayaka	h85	Sibling	NA	NA	NA	NA	NA
h85M.1	GTACTCTAGACT	GGACTACHVGGGTWTCTAAT	Malawi	Mayaka	h85	Mother	28	NA	Female	23,3	NA
h144A.1.418690	GCTTCATAGTGT	GGACTACHVGGGTWTCTAAT	Malawi	Chamba	h144	Twin1	1,22	MZ	Male	16,1	Yes
h305C.2.418553	TACAGTCTCATG	GGACTACHVGGGTWTCTAAT	Malawi	Chamba	h305	Twin3	0,39	DZ	Female	14,5	Yes
h35A.3.418524	GTAGTGTCTAGC	GGACTACHVGGGTWTCTAAT	Malawi	Makwhira	h35	Twin1	1,89	MZ	Male	14,5	Yes
h301M.1.418627	GTGACTGCGGAT	GGACTACHVGGGTWTCTAAT	Malawi	Chamba	h301	Mother	NA	NA	Female	NA	NA
h186A.1.418741	GTAGCAACGTCT	GGACTACHVGGGTWTCTAAT	Malawi	Mayaka	h186	Twin1	2,02	MZ	Male	17,3	Yes
h257B.1.418419	TACACGATCTAC	GGACTACHVGGGTWTCTAAT	Malawi	Mayaka	h257	Twin2	0,19	MZ	Male	16,6	Yes
h181A.1.418791	TAACTCTGATGC	GGACTACHVGGGTWTCTAAT	Malawi	Chamba	h181	Twin1	0,21	DZ	Male	15,5	Yes
h85B.1.418749	GGACGTCACAGT	GGACTACHVGGGTWTCTAAT	Malawi	Mayaka	h85	Twin2	0,76	DZ	Male	15	Yes
h68M.1	GTATGCGCTGTA	GGACTACHVGGGTWTCTAAT	Malawi	Chamba	h68	Mother	26	NA	Female	23,6	NA
h101M.1	GTTGTATACTCG	GGACTACHVGGGTWTCTAAT	Malawi	Mayaka	h101	Mother	24	NA	Female	21,4	NA
h259M.1.418374	GGCGTACTGATG	GGACTACHVGGGTWTCTAAT	Malawi	Mbiza	h259	Mother	NA	NA	Female	26,9	NA
h144M.1	GTATGACTGGCT	GGACTACHVGGGTWTCTAAT	Malawi	Chamba	h144	Mother	NA	NA	Female	17	NA
h228M.1	GGATCGCAGATC	GGACTACHVGGGTWTCTAAT	Malawi	Mayaka	h228	Mother	NA	NA	Female	NA	NA
h301B.1.418486	GTCGACTCCTCT	GGACTACHVGGGTWTCTAAT	Malawi	Chamba	h301	Twin2	0,05	DZ	Male	NA	Yes
h147M.1	TACTACATGGTC	GGACTACHVGGGTWTCTAAT	Malawi	Mayaka	h147	Mother	20	NA	Female	21,6	NA1
h146A.4.418620	TACATCACCACA	GGACTACHVGGGTWTCTAAT	Malawi	Mayaka	h146	Twin1	2,21	MZ	Female	16,7	Yes
h95A.1.418344	GTCTCATGTAGG	GGACTACHVGGGTWTCTAAT	Malawi	Mayaka	h95	Twin1	1,25	DZ	Female	15,7	Yes
h101B.3.418378	GTGATAGTGCCG	GGACTACHVGGGTWTCTAAT	Malawi	Mayaka	h101	Twin2	1,53	MZ	Female	15,9	Yes
h101A.3.418669	GTCGTAGCCAGA	GGACTACHVGGGTWTCTAAT	Malawi	Mayaka	h101	Twin1	1,53	MZ	Female	15,5	Yes
h279A.2.418836	GGCGACATGTAC	GGACTACHVGGGTWTCTAAT	Malawi	Mayaka	h279	Twin1	0,95	MZ	Male	18,6	Yes
h128M.1	GTATCCATGCGA	GGACTACHVGGGTWTCTAAT	Malawi	Mayaka	h128	Mother	NA	NA	Female	NA	NA
h130M.1	TACGTGTACGTG	GGACTACHVGGGTWTCTAAT	Malawi	Mayaka	h130	Mother	NA	NA	Female	25,1	NA
h273M.1	TAGCTGAGTCCA	GGACTACHVGGGTWTCTAAT	Malawi	Makwhira	h273	Mother	32	NA	Female	21	NA
h305B.2.418820	GTGTGTGTCAGG	GGACTACHVGGGTWTCTAAT	Malawi	Chamba	h305	Twin2	0,39	DZ	Male	14	Yes
h264A.2.418362	GGCTATGACATC	GGACTACHVGGGTWTCTAAT	Malawi	Mayaka	h264	Twin1	0,8	MZ	Female	16,6	Yes
h259S.1	GTCACGACTATT	GGACTACHVGGGTWTCTAAT	Malawi	Mbiza	h259	Sibling	NA	NA	NA	NA	NA
h130A.4.418604	GTGCAATCGACG	GGACTACHVGGGTWTCTAAT	Malawi	Mayaka	h130	Twin1	2,39	MZ	Female	17,8	Yes
h47A.1.418772	GTCGCTGTCTTC	GGACTACHVGGGTWTCTAAT	Malawi	Chamba	h47	Twin1	0,6	MZ	Male	15,4	Yes
h181S.1	GCTTGCGAGACA	GGACTACHVGGGTWTCTAAT	Malawi	Chamba	h181	Sibling	NA	NA	NA	NA	NA
h128S.1	GTCGTGTGTCAA	GGACTACHVGGGTWTCTAAT	Malawi	Mayaka	h128	Sibling	NA	NA	NA	NA	NA
h209A.2.418702	TACACACATGGC	GGACTACHVGGGTWTCTAAT	Malawi	Mbiza	h209	Twin1	0,56	MZ	Female	16,2	Yes
h146M.1	GTGCACATTATC	GGACTACHVGGGTWTCTAAT	Malawi	Mayaka	h146	Mother	33	NA	Female	22,5	NA
h121B.1.418650	TAGCACACCTAT	GGACTACHVGGGTWTCTAAT	Malawi	Mbiza	h121	Twin2	0,43	MZ	Male	21,8	Yes
h78B.4.418738	GTGGCGATACAC	GGACTACHVGGGTWTCTAAT	Malawi	Mayaka	h78	Twin2	1,89	DZ	Male	17,7	Yes
h78S.1	TACTACATGGTC	GGACTACHVGGGTWTCTAAT	Malawi	Mayaka	h78	Sibling	NA	NA	NA	NA	NA
h144B.1.418701	GTACAAGAGTGA	GGACTACHVGGGTWTCTAAT	Malawi	Chamba	h144	Twin2	1,22	MZ	Male	14,6	Yes
h85A.1.418700	TAGCGACATCTG	GGACTACHVGGGTWTCTAAT	Malawi	Mayaka	h85	Twin1	0,76	DZ	Male	16,6	Yes
h68B.4.418611	GTACGGCATACG	GGACTACHVGGGTWTCTAAT	Malawi	Chamba	h68	Twin2	1,7	DZ	Male	16,6	Yes
h35S.1	GTCTTCGTCGCT	GGACTACHVGGGTWTCTAAT	Malawi	Makwhira	h35	Sibling	NA	NA	NA	NA	NA
h235M.1	TAGTCGTCTAGT	GGACTACHVGGGTWTCTAAT	Malawi	Mayaka	h235	Mother	33	NA	Female	20,4	NA
h47S.1	TACGCGCTGAGA	GGACTACHVGGGTWTCTAAT	Malawi	Chamba	h47	Sibling	NA	NA	NA	NA	NA
h121S.1	GCTTACATCGAG	GGACTACHVGGGTWTCTAAT	Malawi	Mbiza	h121	Sibling	NA	NA	NA	NA	NA
h301A.1.418425	GTAGCTGACGCA	GGACTACHVGGGTWTCTAAT	Malawi	Chamba	h301	Twin1	0,05	DZ	Male	NA	Yes
h60S.1	GTATATCCGCAG	GGACTACHVGGGTWTCTAAT	Malawi	Mbiza	h60	Sibling	NA	NA	NA	NA	NA
h208A.1.418529	GTCTCATGTAGG	GGACTACHVGGGTWTCTAAT	Malawi	Mbiza	h208	Twin1	0,03	MZ	Female	11	Yes
h257S.1	TAGCTCGTAACT	GGACTACHVGGGTWTCTAAT	Malawi	Mayaka	h257	Sibling	NA	NA	NA	NA	NA
h209M.1.418510	TAGCGGATCACG	GGACTACHVGGGTWTCTAAT	Malawi	Mbiza	h209	Mother	NA	NA	Female	25,9	NA
h9A.5.418658	GTCAACGCGATG	GGACTACHVGGGTWTCTAAT	Malawi	Mbiza	h9	Twin1	2,02	MZ	Female	18	Yes
h181M.1.418631	TAGGTATCTCAC	GGACTACHVGGGTWTCTAAT	Malawi	Chamba	h181	Mother	NA	NA	Female	20,7	NA
h165M.1.418394	GTACTCTAGACT	GGACTACHVGGGTWTCTAAT	Malawi	Mbiza	h165	Mother	34	NA	Female	21,1	NA
h264M.1	GTGTGCTATCAG	GGACTACHVGGGTWTCTAAT	Malawi	Mayaka	h264	Mother	44	NA	Female	20,8	NA
h130B.4.418471	TAACAGTCGCTG	GGACTACHVGGGTWTCTAAT	Malawi	Mayaka	h130	Twin2	2,39	MZ	Female	17,8	Yes
h18B.4.418355	GGTCACTGACAG	GGACTACHVGGGTWTCTAAT	Malawi	Chamba	h18	Twin2	1,35	MZ	Female	16,9	Yes
h259B.2.418617	GTAGAGCTGTTC	GGACTACHVGGGTWTCTAAT	Malawi	Mbiza	h259	Twin2	0,27	MZ	Female	12,3	Yes
h165B.1.418384	GGACGTCACAGT	GGACTACHVGGGTWTCTAAT	Malawi	Mbiza	h165	Twin2	0,44	MZ	Male	16,2	Yes
h186B.1.418751	GTACGGCATACG	GGACTACHVGGGTWTCTAAT	Malawi	Mayaka	h186	Twin2	2,02	DZ	Female	18,6	Yes
h235A.1.418717	GTCAACGCGATG	GGACTACHVGGGTWTCTAAT	Malawi	Mayaka	h235	Twin1	0,67	MZ	Male	15,8	Yes
h208M.1.418731	GTGTACCTATCA	GGACTACHVGGGTWTCTAAT	Malawi	Mbiza	h208	Mother	21	NA	Female	23,6	NA
h235B.1.418464	GTCTCTCTACGC	GGACTACHVGGGTWTCTAAT	Malawi	Mayaka	h235	Twin2	0,67	MZ	Male	16,8	Yes
h47M.1	GTTGACGACAGC	GGACTACHVGGGTWTCTAAT	Malawi	Chamba	h47	Mother	NA	NA	Female	31,6	NA
h273A.2.418494	TACAGATGGCTC	GGACTACHVGGGTWTCTAAT	Malawi	Makwhira	h273	Twin1	0,93	MZ	Female	17,5	Yes
h259A.2.418342	GGCAGTGTATCG	GGACTACHVGGGTWTCTAAT	Malawi	Mbiza	h259	Twin1	0,27	MZ	Female	14,5	Yes
h209B.2.418447	TACTGCGACAGT	GGACTACHVGGGTWTCTAAT	Malawi	Mbiza	h209	Twin2	0,56	MZ	Female	NA	Yes
h147A.4.418376	GTGGCGATACAC	GGACTACHVGGGTWTCTAAT	Malawi	Mayaka	h147	Twin1	2,65	MZ	Female	16,1	Yes
h60M.1	GGTCGTAGCGTA	GGACTACHVGGGTWTCTAAT	Malawi	Mbiza	h60	Mother	27	NA	Female	24,2	NA
h257A.1.418826	GTGTCTACATTG	GGACTACHVGGGTWTCTAAT	Malawi	Mayaka	h257	Twin1	0,19	MZ	Male	16,5	Yes
h128A.1.418657	GGTGCGTGTATG	GGACTACHVGGGTWTCTAAT	Malawi	Mayaka	h128	Twin1	0,76	MZ	Male	15,5	Yes
h186C.1.418575	GTCATTCACGAG	GGACTACHVGGGTWTCTAAT	Malawi	Mayaka	h186	Twin3	2,02	MZ	Male	17,1	Yes
h279S.1	GTCTGGATAGCG	GGACTACHVGGGTWTCTAAT	Malawi	Mayaka	h279	Sibling	NA	NA	NA	NA	NA
h37M.1	TAGATAGCAGGA	GGACTACHVGGGTWTCTAAT	Malawi	Mbiza	h37	Mother	27	NA	Female	20	NA
h78M.1	TAAGCGCAGCAC	GGACTACHVGGGTWTCTAAT	Malawi	Mayaka	h78	Mother	25	NA	Female	19,6	NA
h186S.1	GTCTATCGGAGT	GGACTACHVGGGTWTCTAAT	Malawi	Mayaka	h186	Sibling	NA	NA	NA	NA	NA
h273B.2.418501	TACTTACTGCAG	GGACTACHVGGGTWTCTAAT	Malawi	Makwhira	h273	Twin2	0,93	MZ	Female	18,1	Yes
h165A.1.418855	TAGCGACATCTG	GGACTACHVGGGTWTCTAAT	Malawi	Mbiza	h165	Twin1	0,44	MZ	Male	16	Yes
h279M.1	GTCATATCGTAC	GGACTACHVGGGTWTCTAAT	Malawi	Mayaka	h279	Mother	24	NA	Female	25	NA
h121A.1.418420	TACGGTATGTCT	GGACTACHVGGGTWTCTAAT	Malawi	Mbiza	h121	Twin1	0,43	MZ	Male	19,3	Yes
h101S.1	GTGTTGCAGCAT	GGACTACHVGGGTWTCTAAT	Malawi	Mayaka	h101	Sibling	NA	NA	NA	NA	NA
h95M.1	TACACACATGGC	GGACTACHVGGGTWTCTAAT	Malawi	Mayaka	h95	Mother	24	NA	Female	24,2	NA
h60B.2.418433	GCTGTGTAGGAC	GGACTACHVGGGTWTCTAAT	Malawi	Mbiza	h60	Twin2	2,05	MZ	Female	15,5	Yes
h264B.2.418350	GTCTGACAGTTG	GGACTACHVGGGTWTCTAAT	Malawi	Mayaka	h264	Twin2	0,8	MZ	Female	16,2	Yes
h18A.4.418403	GCTGTAGTATGC	GGACTACHVGGGTWTCTAAT	Malawi	Chamba	h18	Twin1	1,35	MZ	Female	17,6	Yes
h146B.4.418409	GTCTACACACAT	GGACTACHVGGGTWTCTAAT	Malawi	Mayaka	h146	Twin2	2,21	MZ	Female	16,5	Yes
h165S.1	GTATGTTGCTCA	GGACTACHVGGGTWTCTAAT	Malawi	Mbiza	h165	Sibling	NA	NA	NA	NA	NA
h10M.1	TAGAGAGAGTGG	GGACTACHVGGGTWTCTAAT	Malawi	Mbiza	h10	Mother	26	NA	Female	20,2	NA
h181C.1.418714	TAGCCTCTCTGC	GGACTACHVGGGTWTCTAAT	Malawi	Chamba	h181	Twin3	0,21	MZ	Male	11,7	Yes
h122M.1	TAGTGCTGCGTA	GGACTACHVGGGTWTCTAAT	Malawi	Chamba	h122	Mother	38	NA	Female	24,5	NA
h37S.1	TAGTGTGCTTCA	GGACTACHVGGGTWTCTAAT	Malawi	Mbiza	h37	Sibling	NA	NA	NA	NA	NA
h47B.1.418571	GTGAGGTCGCTA	GGACTACHVGGGTWTCTAAT	Malawi	Chamba	h47	Twin2	0,6	MZ	Male	14	Yes
h181B.1.418825	TACTAATCTGCG	GGACTACHVGGGTWTCTAAT	Malawi	Chamba	h181	Twin2	0,21	MZ	Male	12,6	Yes
h130S.1	TAGCATCGTGGT	GGACTACHVGGGTWTCTAAT	Malawi	Mayaka	h130	Sibling	NA	NA	NA	NA	NA
h279B.2.418514	GTAGATGCTTCG	GGACTACHVGGGTWTCTAAT	Malawi	Mayaka	h279	Twin2	0,95	MZ	Male	15,6	Yes
h9M.1	GGATCGCAGATC	GGACTACHVGGGTWTCTAAT	Malawi	Mbiza	h9	Mother	24,03	NA	Female	24,7	NA
h186M.1	GTATGCGCTGTA	GGACTACHVGGGTWTCTAAT	Malawi	Mayaka	h186	Mother	32	NA	Female	26,3	NA
h305M.1	TACTTCGCTCGC	GGACTACHVGGGTWTCTAAT	Malawi	Chamba	h305	Mother	23	NA	Female	20,9	NA
h122S.1	GGTATACGCAGC	GGACTACHVGGGTWTCTAAT	Malawi	Chamba	h122	Sibling	NA	NA	NA	NA	NA
h147B.4.418548	TAAGCGCAGCAC	GGACTACHVGGGTWTCTAAT	Malawi	Mayaka	h147	Twin2	2,65	MZ	Female	14,6	Yes
h60A.2.418856	TAGATCCTCGAT	GGACTACHVGGGTWTCTAAT	Malawi	Mbiza	h60	Twin1	2,05	MZ	Female	15,7	Yes
h95B.1.418735	GTGTACCTATCA	GGACTACHVGGGTWTCTAAT	Malawi	Mayaka	h95	Twin2	1,25	DZ	Female	16,1	Yes
h209S.1	TAGACTGTACTC	GGACTACHVGGGTWTCTAAT	Malawi	Mbiza	h209	Sibling	NA	NA	NA	NA	NA
h68A.4.418806	GCTTGCGAGACA	GGACTACHVGGGTWTCTAAT	Malawi	Chamba	h68	Twin1	1,7	DZ	Male	16,1	Yes
h228S.1	GTAGACTGCGTG	GGACTACHVGGGTWTCTAAT	Malawi	Mayaka	h228	Sibling	NA	NA	NA	NA	NA
h9B.5.418656	TAGCGGATCACG	GGACTACHVGGGTWTCTAAT	Malawi	Mbiza	h9	Twin2	2,02	MZ	Female	18	Yes
h9S.1	GTAGACTGCGTG	GGACTACHVGGGTWTCTAAT	Malawi	Mbiza	h9	Sibling	NA	NA	NA	NA	NA
USygt3.T2.418807	GTGATAGTGCCG	GGACTACHVGGGTWTCTAAT	USA	StLouisArea	USygt3	Twin2	14	MZ	Female	19	NA
USinfTw19.1.418798	GTCATATCGTAC	GGACTACHVGGGTWTCTAAT	USA	StLouis	USinfTw19	Twin1	0,42	DZ	Female	NA	Yes
USygt49.T1.418399	TAGACTGTACTC	GGACTACHVGGGTWTCTAAT	USA	StLouisArea	USygt49	Twin1	14	DZ	Female	18,5	NA
USygt41.M.418492	GTGACTGCGGAT	GGACTACHVGGGTWTCTAAT	USA	StLouisArea	USygt41	Mother	42	NA	Female	36	NA
USygt51.F.418349	TAGTGCTGCGTA	GGACTACHVGGGTWTCTAAT	USA	StLouisArea	USygt51	Father	57	NA	Male	22	NA
USygt15.M.418634	GGACGTCACAGT	GGACTACHVGGGTWTCTAAT	USA	StLouisArea	USygt15	Mother	49	NA	Female	29	NA
USygt25.S1.418338	TACTACATGGTC	GGACTACHVGGGTWTCTAAT	USA	StLouisArea	USygt25	Sister1	7	NA	Female	19	NA
USygt46.F.418450	GTGGCGATACAC	GGACTACHVGGGTWTCTAAT	USA	StLouisArea	USygt46	Father	57	NA	Male	31	NA
USinfTw8.1.418366	TACTGCGACAGT	GGACTACHVGGGTWTCTAAT	USA	StLouis	USinfTw8	Twin1	0,33	DZ	Male	NA	No _Formula-fed_
USygt15.T2.418859	GTGCACATTATC	GGACTACHVGGGTWTCTAAT	USA	StLouisArea	USygt15	Twin2	16	DZ	Male	22	NA
USygt26.T2.418693	GGCGTACTGATG	GGACTACHVGGGTWTCTAAT	USA	StLouisArea	USygt26	Twin2	16	DZ	Male	19	NA
USygt53.T1.418664	GTATGTTGCTCA	GGACTACHVGGGTWTCTAAT	USA	StLouisArea	USygt53	Twin1	15	MZ	Female	19	NA
USygt45.M.418662	GTGAGGTCGCTA	GGACTACHVGGGTWTCTAAT	USA	StLouisArea	USygt45	Mother	53	NA	Female	26	NA
TS110.418428	GCTTACATCGAG	GGACTACHVGGGTWTCTAAT	USA	Missouri born	USts32	Twin2	28	DZ	Female	18	NA
USygt38.M.418740	TAGTGCTGCGTA	GGACTACHVGGGTWTCTAAT	USA	StLouisArea	USygt38	Mother	45	NA	Female	21	NA
USBld1.418516	TAGTGTGCTTCA	GGACTACHVGGGTWTCTAAT	USA	Boulder	USAbld_NA	Child	1,25	NA	Female	NA	NA
USygt13.T2.418745	GTCTATCGGAGT	GGACTACHVGGGTWTCTAAT	USA	StLouisArea	USygt13	Twin2	14	DZ	Male	19	NA
USygt44.M.418360	GTATGCGCTGTA	GGACTACHVGGGTWTCTAAT	USA	StLouisArea	USygt44	Mother	42	NA	Female	24	NA
USygt40.T1.418834	GTCTGACAGTTG	GGACTACHVGGGTWTCTAAT	USA	StLouisArea	USygt40	Twin1	15	MZ	Female	21	NA
USinfTw5.2.418695	GTACTCTAGACT	GGACTACHVGGGTWTCTAAT	USA	StLouis	USinfTw5	Twin2	0,25	DZ	Male	NA	No _Formula-fed_
USygt37.B1.418521	TAGAGAGAGTGG	GGACTACHVGGGTWTCTAAT	USA	StLouisArea	USygt37	Brother1	10	NA	Male	34	NA
USygt49.F.418818	GGCTATGACATC	GGACTACHVGGGTWTCTAAT	USA	StLouisArea	USygt49	Father	44	NA	Male	33	NA
USygt14.F.418375	GTCTACACACAT	GGACTACHVGGGTWTCTAAT	USA	StLouisArea	USygt14	Father	51	NA	Male	23	NA
USygt23.T2.418458	TAGCTGAGTCCA	GGACTACHVGGGTWTCTAAT	USA	StLouisArea	USygt23	Twin2	14	DZ	Male	21	NA
USygt40.T2.418474	GCTTGCGAGACA	GGACTACHVGGGTWTCTAAT	USA	StLouisArea	USygt40	Twin2	15	MZ	Female	18,5	NA
USygt8.M.418616	TACGTGTACGTG	GGACTACHVGGGTWTCTAAT	USA	StLouisArea	USygt8	Mother	35	NA	Female	27	NA
USygt32.T1.418708	GTCAACGCGATG	GGACTACHVGGGTWTCTAAT	USA	StLouisArea	USygt32	Twin1	16	DZ	Female	20	NA
USygt11.T1.418632	TAACTCTGATGC	GGACTACHVGGGTWTCTAAT	USA	StLouisArea	USygt11	Twin1	13	DZ	Female	20	NA
USygt9.M.418560	GTACAAGAGTGA	GGACTACHVGGGTWTCTAAT	USA	StLouisArea	USygt9	Mother	46	NA	Female	33	NA
USygt12.F.418502	GTACGGCATACG	GGACTACHVGGGTWTCTAAT	USA	StLouisArea	USygt12	Father	45	NA	Male	26	NA
USygt47.F.418643	TAGCGACATCTG	GGACTACHVGGGTWTCTAAT	USA	StLouisArea	USygt47	Father	53	NA	Male	26	NA
USygt13.F.418411	GTGGCGATACAC	GGACTACHVGGGTWTCTAAT	USA	StLouisArea	USygt13	Father	48	NA	Male	31	NA
USygt47.T1.418692	TAAGCGCAGCAC	GGACTACHVGGGTWTCTAAT	USA	StLouisArea	USygt47	Twin1	15	MZ	Female	18,5	NA
TS4.418810	GTCGCTGTCTTC	GGACTACHVGGGTWTCTAAT	USA	Missouri born	USts2	Twin1	25	MZ	Female	21	NA
USygt46.M.418453	GGCGTACTGATG	GGACTACHVGGGTWTCTAAT	USA	StLouisArea	USygt46	Mother	50	NA	Female	22	NA
USinfTw11.2.418340	TACACGATCTAC	GGACTACHVGGGTWTCTAAT	USA	StLouis	USinfTw11	Twin2	0,5	MZ	Female	NA	No _Formula-fed_
USchp11Child.418850	TAGTGCTGCGTA	GGACTACHVGGGTWTCTAAT	USA	Philadelphia	USchP_NA	Child	6	NA	Male	16,9	NA
USygt10.T1.418683	GTATGACTGGCT	GGACTACHVGGGTWTCTAAT	USA	StLouisArea	USygt10	Twin1	16	DZ	Female	26	NA
USygt43.T2.418799	GCTGTAGTATGC	GGACTACHVGGGTWTCTAAT	USA	StLouisArea	USygt43	Twin2	14	MZ	Female	17	NA
USBldChld2.418414	GCTTACATCGAG	GGACTACHVGGGTWTCTAAT	USA	Boulder	USAbld_NA	Child	4,5	NA	Female	14,2	NA
USinfTw10.2.418840	GTCTCTCTACGC	GGACTACHVGGGTWTCTAAT	USA	StLouis	USinfTw10	Twin2	0,42	MZ	Male	NA	No _Formula-fed_
USygt37.M.418793	GTTCGCGTATAG	GGACTACHVGGGTWTCTAAT	USA	StLouisArea	USygt37	Mother	51	NA	Female	35	NA
USinfTw6.2.418594	GTCTCATGTAGG	GGACTACHVGGGTWTCTAAT	USA	StLouis	USinfTw6	Twin2	0,25	MZ	Female	NA	Yes
USchp41Mom.418801	GTAGCTGACGCA	GGACTACHVGGGTWTCTAAT	USA	Philadelphia	USchp41	Mother	26	NA	Female	22	NA
USygt53.M.418452	GTCGACTCCTCT	GGACTACHVGGGTWTCTAAT	USA	StLouisArea	USygt53	Mother	47	NA	Female	24	NA
USygt48.F.418551	TACATCACCACA	GGACTACHVGGGTWTCTAAT	USA	StLouisArea	USygt48	Father	41	NA	Male	26	NA
USinfTw11.1.418800	GTGTCTACATTG	GGACTACHVGGGTWTCTAAT	USA	StLouis	USinfTw11	Twin1	0,5	MZ	Female	NA	No _Formula-fed_
USygt20.T2.418500	TACTGGACGCGA	GGACTACHVGGGTWTCTAAT	USA	StLouisArea	USygt20	Twin2	14	DZ	Male	NA	NA
USygt30.T2.418609	TACTGCGACAGT	GGACTACHVGGGTWTCTAAT	USA	StLouisArea	USygt30	Twin2	14	DZ	Female	21	NA
USygt19.B1.418817	GTGTCTACATTG	GGACTACHVGGGTWTCTAAT	USA	StLouisArea	USygt19	Brother1	9	NA	Male	13,5	NA
USchp33ChildA.418742	GTCCATAGCTAG	GGACTACHVGGGTWTCTAAT	USA	Philadelphia	USchp33	Child	5	NA	Female	16,9	NA
USygt26.T1.418758	TAGGTATCTCAC	GGACTACHVGGGTWTCTAAT	USA	StLouisArea	USygt26	Twin1	16	DZ	Female	21	NA
USygt20.F.418339	GCTTGCGAGACA	GGACTACHVGGGTWTCTAAT	USA	StLouisArea	USygt20	Father	49	NA	Male	26	NA
USygt12.M.418543	GCTTGCGAGACA	GGACTACHVGGGTWTCTAAT	USA	StLouisArea	USygt12	Mother	43	NA	Female	31	NA
USygt5.F.418630	TACGGTATGTCT	GGACTACHVGGGTWTCTAAT	USA	StLouisArea	USygt5	Father	45	NA	Male	28	NA
USygt7.T2.418392	GTATCCATGCGA	GGACTACHVGGGTWTCTAAT	USA	StLouisArea	USygt7	Twin2	13	DZ	Male	20	NA
USygt27.F.418639	TACGTGTACGTG	GGACTACHVGGGTWTCTAAT	USA	StLouisArea	USygt27	Father	47	NA	Male	32	NA
USygt6.AS.418353	GCTTACATCGAG	GGACTACHVGGGTWTCTAAT	USA	StLouisArea	USygt6	AdoptedSister	10	NA	Female	18	NA
TS127.418550	GTATCCATGCGA	GGACTACHVGGGTWTCTAAT	USA	Missouri born	USts36	Twin1	25	DZ	Female	21	NA
USygt42.T1.418811	GTTCGCGTATAG	GGACTACHVGGGTWTCTAAT	USA	StLouisArea	USygt42	Twin1	14	MZ	Male	21	NA
USygt38.T2.418456	GTAGAGCTGTTC	GGACTACHVGGGTWTCTAAT	USA	StLouisArea	USygt38	Twin2	17	MZ	Male	21	NA
USygt38.T1.418654	GGCAGTGTATCG	GGACTACHVGGGTWTCTAAT	USA	StLouisArea	USygt38	Twin1	17	MZ	Male	22	NA
USygt23.F.418490	GTGCAATCGACG	GGACTACHVGGGTWTCTAAT	USA	StLouisArea	USygt23	Father	50	NA	Male	28	NA
USygt25.T2.418341	TACAGTCTCATG	GGACTACHVGGGTWTCTAAT	USA	StLouisArea	USygt25	Twin2	14	DZ	Male	20	NA
TS195.418848	TAACTCTGATGC	GGACTACHVGGGTWTCTAAT	USA	Missouri born	USts54	Mother	56	NA	Female	22	NA
TS15.418765	GTCGTAGCCAGA	GGACTACHVGGGTWTCTAAT	USA	Missouri born	USts5	Mother	NA	NA	Female	NA	NA
USygt41.T2.418682	TAGCTGAGTCCA	GGACTACHVGGGTWTCTAAT	USA	StLouisArea	USygt41	Twin2	15	DZ	Female	22	NA
USygt42.T2.418716	GTCATATCGTAC	GGACTACHVGGGTWTCTAAT	USA	StLouisArea	USygt42	Twin2	14	MZ	Male	21	NA
USinfTw18.1.418513	GGCGACATGTAC	GGACTACHVGGGTWTCTAAT	USA	StLouis	USinfTw18	Twin1	0,92	DZ	Male	NA	NA
USygt29.T1.418673	GTCTCATGTAGG	GGACTACHVGGGTWTCTAAT	USA	StLouisArea	USygt29	Twin1	14	MZ	Female	21	NA
USygt22.T2.418493	TACAGATGGCTC	GGACTACHVGGGTWTCTAAT	USA	StLouisArea	USygt22	Twin2	15	DZ	Male	28	NA
USygt9.F.418438	TAGCACACCTAT	GGACTACHVGGGTWTCTAAT	USA	StLouisArea	USygt9	Father	46	NA	Male	20	NA
USygt28.M.418808	GTATGTTGCTCA	GGACTACHVGGGTWTCTAAT	USA	StLouisArea	USygt28	Mother	47	NA	Female	34	NA
USygt1.T2.418785	GGTCACTGACAG	GGACTACHVGGGTWTCTAAT	USA	StLouisArea	USygt1	Twin2	14	MZ	Female	18,5	NA
USygt16.B1.418368	GTCGTGTGTCAA	GGACTACHVGGGTWTCTAAT	USA	StLouisArea	USygt16	Brother1	11	NA	Male	16,5	NA
USygt6.M.418593	TAGCACACCTAT	GGACTACHVGGGTWTCTAAT	USA	StLouisArea	USygt6	Mother	44	NA	Female	23	NA
USygt18.T2.418629	TAGCGGATCACG	GGACTACHVGGGTWTCTAAT	USA	StLouisArea	USygt18	Twin2	15	DZ	Male	17	NA
USygt19.T1.418385	GTAGACTGCGTG	GGACTACHVGGGTWTCTAAT	USA	StLouisArea	USygt19	Twin1	14	DZ	Male	18,5	NA
TS2.418517	GGTCACTGACAG	GGACTACHVGGGTWTCTAAT	USA	Missouri born	USts1	Twin2	28	MZ	Female	NA	NA
USygt32.M.418562	GTCTCTCTACGC	GGACTACHVGGGTWTCTAAT	USA	StLouisArea	USygt32	Mother	35	NA	Female	58	NA
USchp50Infant.418380	GTCGACTCCTCT	GGACTACHVGGGTWTCTAAT	USA	Philadelphia	USchp50	Child	1	NA	Female	17,9	NA
USchp3Mom.418727	GTCTTCGTCGCT	GGACTACHVGGGTWTCTAAT	USA	Philadelphia	USchp3	Mother	29	NA	Female	37	NA
USchp18Mom.418783	TAGTCGTCTAGT	GGACTACHVGGGTWTCTAAT	USA	Philadelphia	USchp18	Mother	40	NA	Female	37	NA
USygt11.T2.418503	TACTAATCTGCG	GGACTACHVGGGTWTCTAAT	USA	StLouisArea	USygt11	Twin2	13	DZ	Female	21	NA
USygt21.B1.418713	GTCTGACAGTTG	GGACTACHVGGGTWTCTAAT	USA	StLouisArea	USygt21	Brother1	3	NA	Male	23	NA
USinfTw18.2.418796	GTAGATGCTTCG	GGACTACHVGGGTWTCTAAT	USA	StLouis	USinfTw18	Twin2	0,92	DZ	Male	NA	NA
USinfTw4.1.418637	TACTACATGGTC	GGACTACHVGGGTWTCTAAT	USA	StLouis	USinfTw4	Twin1	0,17	MZ	Female	NA	Yes
USygt36.T1.418651	GTCTACACACAT	GGACTACHVGGGTWTCTAAT	USA	StLouisArea	USygt36	Twin1	13	MZ	Female	19	NA
USinfTw12.2.418448	TAGCTCGTAACT	GGACTACHVGGGTWTCTAAT	USA	StLouis	USinfTw12	Twin2	0,5	DZ	Female	NA	No _Formula-fed_
USygt25.B2.418685	TAACAGTCGCTG	GGACTACHVGGGTWTCTAAT	USA	StLouisArea	USygt25	Brother2	9	NA	Male	20	NA
USygt30.M.418398	TACATCACCACA	GGACTACHVGGGTWTCTAAT	USA	StLouisArea	USygt30	Mother	47	NA	Female	34	NA
USygt22.T1.418770	GTGTGCTATCAG	GGACTACHVGGGTWTCTAAT	USA	StLouisArea	USygt22	Twin1	15	DZ	Male	36	NA
USygt23.T1.418854	GTCTATCGGAGT	GGACTACHVGGGTWTCTAAT	USA	StLouisArea	USygt23	Twin1	14	DZ	Male	21	NA
USinfTw2.1.418478	GTATGCGCTGTA	GGACTACHVGGGTWTCTAAT	USA	StLouis	USinfTw2	Twin1	0,08	MZ	Male	NA	No _Formula-fed_
USygt43.T1.418816	TAGTGTGCTTCA	GGACTACHVGGGTWTCTAAT	USA	StLouisArea	USygt43	Twin1	14	MZ	Female	19	NA
USygt4.T1.418764	TAGATCCTCGAT	GGACTACHVGGGTWTCTAAT	USA	StLouisArea	USygt4	Twin1	15	MZ	Male	20	NA
USygt51.T2.418469	TACCGCTAGTAG	GGACTACHVGGGTWTCTAAT	USA	StLouisArea	USygt51	Twin2	16	DZ	Male	20	NA
USygt37.F.418676	TACTAATCTGCG	GGACTACHVGGGTWTCTAAT	USA	StLouisArea	USygt37	Father	52	NA	Male	33	NA
USygt29.T2.418768	GTGTACCTATCA	GGACTACHVGGGTWTCTAAT	USA	StLouisArea	USygt29	Twin2	14	MZ	Female	21	NA
USygt22.M.418388	TACTTACTGCAG	GGACTACHVGGGTWTCTAAT	USA	StLouisArea	USygt22	Mother	50	NA	Female	45	NA
USygt5.M.418357	GTTGTATACTCG	GGACTACHVGGGTWTCTAAT	USA	StLouisArea	USygt5	Mother	41	NA	Female	26	NA
USygt6.T2.418728	GTTGTATACTCG	GGACTACHVGGGTWTCTAAT	USA	StLouisArea	USygt6	Twin2	15	MZ	Male	23	NA
USygt2.M.418457	GTGAGGTCGCTA	GGACTACHVGGGTWTCTAAT	USA	StLouisArea	USygt2	Mother	30	NA	Female	NA	NA
USBldChld10.418660	TAGCATCGTGGT	GGACTACHVGGGTWTCTAAT	USA	Boulder	USAbld_NA	Child	1,3	NA	Male	NA	NA
USygt10.M.418687	GTGCACATTATC	GGACTACHVGGGTWTCTAAT	USA	StLouisArea	USygt10	Mother	46	NA	Female	45	NA
USygt27.T1.418441	GTCATTCACGAG	GGACTACHVGGGTWTCTAAT	USA	StLouisArea	USygt27	Twin1	13	DZ	Male	20	NA
USygt40.F.418369	TACAGATGGCTC	GGACTACHVGGGTWTCTAAT	USA	StLouisArea	USygt40	Father	49	NA	Male	27	NA
USygt28.T2.418449	GTACTCTAGACT	GGACTACHVGGGTWTCTAAT	USA	StLouisArea	USygt28	Twin2	16	DZ	Male	23	NA
USygt49.B1.418842	GTAGCGCGAGTT	GGACTACHVGGGTWTCTAAT	USA	StLouisArea	USygt49	Brother1	9	NA	Male	19	NA
USinfTw21.1.418467	TACTTCGCTCGC	GGACTACHVGGGTWTCTAAT	USA	StLouis	USinfTw21	Twin1	0,25	DZ	Female	NA	Yes
USygt35.M.418364	GTGACCTGATGT	GGACTACHVGGGTWTCTAAT	USA	StLouisArea	USygt35	Mother	39	NA	Female	33	NA
USygt50.T1.418743	GTACTCTAGACT	GGACTACHVGGGTWTCTAAT	USA	StLouisArea	USygt50	Twin1	16	MZ	Female	23	NA
USBldChld8.418589	TACGTGTACGTG	GGACTACHVGGGTWTCTAAT	USA	Boulder	USAbld_NA	Child	1,6	NA	Male	NA	NA
USygt21.F.418579	GTACGGCATACG	GGACTACHVGGGTWTCTAAT	USA	StLouisArea	USygt21	Father	41	NA	Male	27	NA
TS7.418860	TACGCGCTGAGA	GGACTACHVGGGTWTCTAAT	USA	Missouri born	USts3	Twin1	26	MZ	Female	21	NA
TS27.418766	TACGGTATGTCT	GGACTACHVGGGTWTCTAAT	USA	Missouri born	USts9	Mother	NA	NA	Female	NA	NA
USinfTw7.1.418386	GTGTACCTATCA	GGACTACHVGGGTWTCTAAT	USA	StLouis	USinfTw7	Twin1	0,33	DZ	Male	NA	No _Formula-fed_
USygt53.F.418830	GTCTCATGTAGG	GGACTACHVGGGTWTCTAAT	USA	StLouisArea	USygt53	Father	48	NA	Male	24	NA
USygt27.T2.418523	GTCTTCGTCGCT	GGACTACHVGGGTWTCTAAT	USA	StLouisArea	USygt27	Twin2	13	DZ	Male	20	NA
TS193.418750	GTCTACACACAT	GGACTACHVGGGTWTCTAAT	USA	Missouri born	USts54	Twin1	30	DZ	Female	22	NA
USygt5.T1.418573	GTCGTAGCCAGA	GGACTACHVGGGTWTCTAAT	USA	StLouisArea	USygt5	Twin1	16	MZ	Male	25	NA
USygt21.T1.418559	GGCAGTGTATCG	GGACTACHVGGGTWTCTAAT	USA	StLouisArea	USygt21	Twin1	15	DZ	Male	19	NA
USygt53.T2.418455	GGTCGTAGCGTA	GGACTACHVGGGTWTCTAAT	USA	StLouisArea	USygt53	Twin2	15	MZ	Female	19	NA
USygt41.B1.418570	GTAGATGCTTCG	GGACTACHVGGGTWTCTAAT	USA	StLouisArea	USygt41	Brother1	10	NA	Male	33	NA
USinfTw16.2.418641	TACAGATGGCTC	GGACTACHVGGGTWTCTAAT	USA	StLouis	USinfTw16	Twin2	0,75	MZ	Male	NA	No _Formula-fed_
USygt33.T2.418787	GCTTCATAGTGT	GGACTACHVGGGTWTCTAAT	USA	StLouisArea	USygt33	Twin2	14	DZ	Male	19	NA
USinfTw1.1.418752	GCTTGCGAGACA	GGACTACHVGGGTWTCTAAT	USA	StLouis	USinfTw1	Twin1	0,08	DZ	Male	NA	No _Formula-fed_
USygt47.T2.418762	GTAGCAACGTCT	GGACTACHVGGGTWTCTAAT	USA	StLouisArea	USygt47	Twin2	15	MZ	Female	18,5	NA
USygt24.M.418730	GTCTGGATAGCG	GGACTACHVGGGTWTCTAAT	USA	StLouisArea	USygt24	Mother	43	NA	Female	34	NA
TS111.418684	GGTGCGTGTATG	GGACTACHVGGGTWTCTAAT	USA	Missouri born	USts32	Mother	57	NA	Female	20	NA
TS8.418379	TAGATCCTCGAT	GGACTACHVGGGTWTCTAAT	USA	Missouri born	USts3	Twin2	26	MZ	Female	22	NA
USygt38.F.418465	GGTATACGCAGC	GGACTACHVGGGTWTCTAAT	USA	StLouisArea	USygt38	Father	44	NA	Male	23	NA
USygt18.T1.418786	TACTGCGACAGT	GGACTACHVGGGTWTCTAAT	USA	StLouisArea	USygt18	Twin1	15	DZ	Female	18,5	NA
USchp35Child.418784	TACCGCTAGTAG	GGACTACHVGGGTWTCTAAT	USA	Philadelphia	USchp35	Child	9	NA	Female	16,1	NA
USchp1Child.418697	GGCGTACTGATG	GGACTACHVGGGTWTCTAAT	USA	Philadelphia	USchp1	Child	5	NA	Female	17,9	NA
USygt31.T2.418361	GTAGACTGCGTG	GGACTACHVGGGTWTCTAAT	USA	StLouisArea	USygt31	Twin2	14	DZ	Female	24	NA
USchp33ChildB.418578	GTGACCTGATGT	GGACTACHVGGGTWTCTAAT	USA	Philadelphia	USchp33	Child	7	NA	Female	15,4	NA
USygt14.M.418857	TACTACATGGTC	GGACTACHVGGGTWTCTAAT	USA	StLouisArea	USygt14	Mother	49	NA	Female	22	NA
USygt39.M.418483	GTAGCTGACGCA	GGACTACHVGGGTWTCTAAT	USA	StLouisArea	USygt39	Mother	54	NA	Female	32	NA
USygt9.T1.418606	GCTTCATAGTGT	GGACTACHVGGGTWTCTAAT	USA	StLouisArea	USygt9	Twin1	16	DZ	Female	20	NA
USygt11.F.418661	GGTGCGTGTATG	GGACTACHVGGGTWTCTAAT	USA	StLouisArea	USygt11	Father	43	NA	Male	33	NA
USinfTw16.1.418781	GTGTGCTATCAG	GGACTACHVGGGTWTCTAAT	USA	StLouis	USinfTw16	Twin1	0,75	MZ	Male	NA	No _Formula-fed_
USygt25.B1.418792	TAAGCGCAGCAC	GGACTACHVGGGTWTCTAAT	USA	StLouisArea	USygt25	Brother1	11	NA	Male	18	NA
TS194.418607	GTGCACATTATC	GGACTACHVGGGTWTCTAAT	USA	Missouri born	USts54	Twin2	30	DZ	Female	22	NA
USchp33Mom.418698	GTTAGAGCACTC	GGACTACHVGGGTWTCTAAT	USA	Philadelphia	USchp33	Mother	45	NA	Female	31,3	NA
USygt52.T1.418819	TAGATCCTCGAT	GGACTACHVGGGTWTCTAAT	USA	StLouisArea	USygt52	Twin1	16	MZ	Female	20	NA
TS5.418546	GTGAGGTCGCTA	GGACTACHVGGGTWTCTAAT	USA	Missouri born	USts2	Twin2	25	MZ	Female	21	NA
TS6.418642	GTTGACGACAGC	GGACTACHVGGGTWTCTAAT	USA	Missouri born	USts2	Mother	NA	NA	Female	NA	NA
USygt35.T2.418689	GTCCATAGCTAG	GGACTACHVGGGTWTCTAAT	USA	StLouisArea	USygt35	Twin2	15	MZ	Male	20	NA
USygt45.F.418753	GTCTATCGGAGT	GGACTACHVGGGTWTCTAAT	USA	StLouisArea	USygt45	Father	52	NA	Male	29	NA
TS129.418618	GTGCAATCGACG	GGACTACHVGGGTWTCTAAT	USA	Missouri born	USts36	Mother	53	NA	Female	23	NA
TS9.418446	GCTGTGTAGGAC	GGACTACHVGGGTWTCTAAT	USA	Missouri born	USts3	Mother	NA	NA	Female	NA	NA
USygt48.M.418794	GTGTTGCAGCAT	GGACTACHVGGGTWTCTAAT	USA	StLouisArea	USygt48	Mother	41	NA	Female	31	NA
USchp3Child.418614	GTCATTCACGAG	GGACTACHVGGGTWTCTAAT	USA	Philadelphia	USchp3	Child	6	NA	Female	18,9	NA
USygt14.T1.418853	TAAGCGCAGCAC	GGACTACHVGGGTWTCTAAT	USA	StLouisArea	USygt14	Twin1	14	DZ	Female	19	NA
USygt23.M.418612	GGCGACATGTAC	GGACTACHVGGGTWTCTAAT	USA	StLouisArea	USygt23	Mother	49	NA	Female	23	NA
USBldInf3.418459	GGTGCGTGTATG	GGACTACHVGGGTWTCTAAT	USA	Boulder	USAbld3	Child	0,83	NA	Female	23,9	NA
USygt36.M.418734	TACCGCTAGTAG	GGACTACHVGGGTWTCTAAT	USA	StLouisArea	USygt36	Mother	42	NA	Female	22	NA
USygt54.T1.418381	GTGTACCTATCA	GGACTACHVGGGTWTCTAAT	USA	StLouisArea	USygt54	Twin1	15	DZ	Female	18	NA
USygt7.M.418598	GTCGTGTGTCAA	GGACTACHVGGGTWTCTAAT	USA	StLouisArea	USygt7	Mother	47	NA	Female	40	NA
TS185.418675	GTACAAGAGTGA	GGACTACHVGGGTWTCTAAT	USA	Missouri born	USts52	Twin2	24	MZ	Female	21	NA
TS13.418619	GGTCGTAGCGTA	GGACTACHVGGGTWTCTAAT	USA	Missouri born	USts5	Twin1	27	MZ	Female	22	NA
USygt44.B1.418371	GGTCACTGACAG	GGACTACHVGGGTWTCTAAT	USA	StLouisArea	USygt44	Brother1	7	NA	Male	15	NA
USygt34.M.418823	GTAGCGCGAGTT	GGACTACHVGGGTWTCTAAT	USA	StLouisArea	USygt34	Mother	36	NA	Female	43	NA
USygt34.F.418402	TACACGATCTAC	GGACTACHVGGGTWTCTAAT	USA	StLouisArea	USygt34	Father	40	NA	Male	NA	NA
USinfTw8.2.418804	TAGCGGATCACG	GGACTACHVGGGTWTCTAAT	USA	StLouis	USinfTw8	Twin2	0,33	DZ	Male	NA	No _Formula-fed_
USygt17.T2.418720	GTGTACCTATCA	GGACTACHVGGGTWTCTAAT	USA	StLouisArea	USygt17	Twin2	14	DZ	Male	19	NA
USchp25Mom.418780	GTAGCGCGAGTT	GGACTACHVGGGTWTCTAAT	USA	Philadelphia	USchp25	Mother	34	NA	Female	66	NA
USinfTw6.1.418613	GTATGTTGCTCA	GGACTACHVGGGTWTCTAAT	USA	StLouis	USinfTw6	Twin1	0,25	MZ	Female	NA	Yes
USygt50.T2.418852	GTCCATAGCTAG	GGACTACHVGGGTWTCTAAT	USA	StLouisArea	USygt50	Twin2	16	MZ	Female	23	NA
USygt48.T1.418674	GTCATTCACGAG	GGACTACHVGGGTWTCTAAT	USA	StLouisArea	USygt48	Twin1	16	MZ	Male	24	NA
TS25.418407	GTGATAGTGCCG	GGACTACHVGGGTWTCTAAT	USA	Missouri born	USts9	Twin1	26	MZ	Female	21	NA
USygt48.T2.418547	GTCTTCGTCGCT	GGACTACHVGGGTWTCTAAT	USA	StLouisArea	USygt48	Twin2	16	MZ	Male	23	NA
USygt44.T2.418648	TACAGTCTCATG	GGACTACHVGGGTWTCTAAT	USA	StLouisArea	USygt44	Twin2	15	MZ	Male	17	NA
USygt13.M.418644	GTATCCATGCGA	GGACTACHVGGGTWTCTAAT	USA	StLouisArea	USygt13	Mother	47	NA	Female	23	NA
USygt22.F.418477	GTATGCGCTGTA	GGACTACHVGGGTWTCTAAT	USA	StLouisArea	USygt22	Father	50	NA	Male	38	NA
USygt4.F.418451	GTATATCCGCAG	GGACTACHVGGGTWTCTAAT	USA	StLouisArea	USygt4	Father	54	NA	Male	NA	NA
USinfTw10.1.418518	GTCAACGCGATG	GGACTACHVGGGTWTCTAAT	USA	StLouis	USinfTw10	Twin1	0,42	MZ	Male	NA	No _Formula-fed_
USygt25.M.418835	TACTTCGCTCGC	GGACTACHVGGGTWTCTAAT	USA	StLouisArea	USygt25	Mother	44	NA	Female	43	NA
USygt43.F.418760	GTGTGTGTCAGG	GGACTACHVGGGTWTCTAAT	USA	StLouisArea	USygt43	Father	45	NA	Male	26	NA
USygt54.F.418487	TACTGCGACAGT	GGACTACHVGGGTWTCTAAT	USA	StLouisArea	USygt54	Father	46	NA	Male	28	NA
USinfTw19.2.418595	GTCTGGATAGCG	GGACTACHVGGGTWTCTAAT	USA	StLouis	USinfTw19	Twin2	0,42	DZ	Male	NA	Yes
USBldAdlt6.418795	GTGCAATCGACG	GGACTACHVGGGTWTCTAAT	USA	Boulder	USAbld3	Mother	33	NA	Female	20,7	NA
USygt54.AS.418858	GTCGTAGCCAGA	GGACTACHVGGGTWTCTAAT	USA	StLouisArea	USygt54	AdoptedSister	2	NA	Female	18	NA
USygt35.T1.418610	TACTGGACGCGA	GGACTACHVGGGTWTCTAAT	USA	StLouisArea	USygt35	Twin1	15	MZ	Male	17,5	NA
F4T1pre4.418431	GTATGACTGGCT	GGACTACHVGGGTWTCTAAT	USA	StLouis	F4	Twin1	23	MZ	Female	26	NA
USygt54.T2.418497	GTATATCCGCAG	GGACTACHVGGGTWTCTAAT	USA	StLouisArea	USygt54	Twin2	15	DZ	Female	21	NA
TS186.418605	GTATGACTGGCT	GGACTACHVGGGTWTCTAAT	USA	Missouri born	USts52	Mother	NA	NA	Female	NA	NA
USchp36Mom.418718	TAGCCTCTCTGC	GGACTACHVGGGTWTCTAAT	USA	Philadelphia	USchp36	Mother	36	NA	Female	19,8	NA
USchp41Infant.418542	GGTATACGCAGC	GGACTACHVGGGTWTCTAAT	USA	Philadelphia	USchp41	Child	1	NA	Male	19	NA
USinfTw21.2.418540	TAGGTATCTCAC	GGACTACHVGGGTWTCTAAT	USA	StLouis	USinfTw21	Twin2	0,25	DZ	Female	NA	Yes
USygt4.M.418367	GGTCGTAGCGTA	GGACTACHVGGGTWTCTAAT	USA	StLouisArea	USygt4	Mother	47	NA	Female	19	NA
USinfTw5.1.418422	GGACGTCACAGT	GGACTACHVGGGTWTCTAAT	USA	StLouis	USinfTw5	Twin1	0,25	DZ	Male	NA	No _Formula-fed_
USygt34.T1.418567	GTACAAGAGTGA	GGACTACHVGGGTWTCTAAT	USA	StLouisArea	USygt34	Twin1	16	DZ	Female	23	NA
USygt51.M.418844	TAGAGAGAGTGG	GGACTACHVGGGTWTCTAAT	USA	StLouisArea	USygt51	Mother	55	NA	Female	43	NA
USinfTw7.2.418463	TACACACATGGC	GGACTACHVGGGTWTCTAAT	USA	StLouis	USinfTw7	Twin2	0,33	DZ	Female	NA	No _Formula-fed_
USygt19.T2.418432	GTCAACGCGATG	GGACTACHVGGGTWTCTAAT	USA	StLouisArea	USygt19	Twin2	14	DZ	Male	18,5	NA
TS165.418862	TAGCATCGTGGT	GGACTACHVGGGTWTCTAAT	USA	Missouri born	USts47	Mother	NA	NA	Female	NA	NA
USygt8.T1.418829	GTGCAATCGACG	GGACTACHVGGGTWTCTAAT	USA	StLouisArea	USygt8	Twin1	15	DZ	Male	22	NA
USygt20.T1.418564	TACACGATCTAC	GGACTACHVGGGTWTCTAAT	USA	StLouisArea	USygt20	Twin1	14	DZ	Male	NA	NA
USygt1.F.418592	GTCGCTGTCTTC	GGACTACHVGGGTWTCTAAT	USA	StLouisArea	USygt1	Father	57	NA	Male	26	NA
USygt29.M.418603	GTGTTGCAGCAT	GGACTACHVGGGTWTCTAAT	USA	StLouisArea	USygt29	Mother	52	NA	Female	22	NA
USygt47.M.418401	TACTACATGGTC	GGACTACHVGGGTWTCTAAT	USA	StLouisArea	USygt47	Mother	48	NA	Female	24	NA
USygt18.M.418867	GGATCGCAGATC	GGACTACHVGGGTWTCTAAT	USA	StLouisArea	USygt18	Mother	50	NA	Female	29	NA
USygt16.T2.418435	GTACTCTAGACT	GGACTACHVGGGTWTCTAAT	USA	StLouisArea	USygt16	Twin2	13	DZ	Male	18,5	NA
TS26.418393	GTTGTATACTCG	GGACTACHVGGGTWTCTAAT	USA	Missouri born	USts9	Twin2	26	MZ	Female	23	NA
USygt31.T1.418408	GGATCGCAGATC	GGACTACHVGGGTWTCTAAT	USA	StLouisArea	USygt31	Twin1	14	DZ	Female	30	NA
USchp60Mom.418566	TACGATGACCAC	GGACTACHVGGGTWTCTAAT	USA	Philadelphia	USchp60	Mother	33	NA	Female	22	NA
USinfTw20.1.418640	GTGTGTGTCAGG	GGACTACHVGGGTWTCTAAT	USA	StLouis	USinfTw20	Twin1	0,08	MZ	Male	NA	Yes
USinfTw3.1.418387	GTGGCGATACAC	GGACTACHVGGGTWTCTAAT	USA	StLouis	USinfTw3	Twin1	0,17	DZ	Female	NA	No _Formula-fed_
TS128.418470	GTCGTGTGTCAA	GGACTACHVGGGTWTCTAAT	USA	Missouri born	USts36	Twin2	25	DZ	Female	20	NA
USinfTw3.2.418812	TAAGCGCAGCAC	GGACTACHVGGGTWTCTAAT	USA	StLouis	USinfTw3	Twin2	0,17	DZ	Female	NA	No _Formula-fed_
USygt33.T1.418574	GGCTATGACATC	GGACTACHVGGGTWTCTAAT	USA	StLouisArea	USygt33	Twin1	14	DZ	Female	20	NA
USygt7.T1.418622	GGTGCGTGTATG	GGACTACHVGGGTWTCTAAT	USA	StLouisArea	USygt7	Twin1	13	DZ	Male	21	NA
USinfTw17.1.418390	TACTTACTGCAG	GGACTACHVGGGTWTCTAAT	USA	StLouis	USinfTw17	Twin1	0,75	DZ	Female	NA	No _Formula-fed_
USygt21.M.418797	GTCACGACTATT	GGACTACHVGGGTWTCTAAT	USA	StLouisArea	USygt21	Mother	39	NA	Female	24	NA
USygt25.F.418747	GTGGCGATACAC	GGACTACHVGGGTWTCTAAT	USA	StLouisArea	USygt25	Father	44	NA	Male	24	NA
USygt39.T1.418416	GTCACGACTATT	GGACTACHVGGGTWTCTAAT	USA	StLouisArea	USygt39	Twin1	15	MZ	Female	23	NA
TS3.418472	GTAGTGTCTAGC	GGACTACHVGGGTWTCTAAT	USA	Missouri born	USts1	Mother	NA	MZ	Female	NA	NA
USygt54.M.418445	TACACACATGGC	GGACTACHVGGGTWTCTAAT	USA	StLouisArea	USygt54	Mother	49	NA	Female	23	NA
USygt5.T2.418805	GTGATAGTGCCG	GGACTACHVGGGTWTCTAAT	USA	StLouisArea	USygt5	Twin2	16	MZ	Male	25	NA
USygt52.T2.418721	GGTATACGCAGC	GGACTACHVGGGTWTCTAAT	USA	StLouisArea	USygt52	Twin2	16	MZ	Female	21	NA
USinfTw1.2.418491	GTACGGCATACG	GGACTACHVGGGTWTCTAAT	USA	StLouis	USinfTw1	Twin2	0,08	DZ	Male	NA	No _Formula-fed_
USygt16.F.418383	GTATGTTGCTCA	GGACTACHVGGGTWTCTAAT	USA	StLouisArea	USygt16	Father	46	NA	Male	31	NA
USygt46.T1.418865	TAGGTATCTCAC	GGACTACHVGGGTWTCTAAT	USA	StLouisArea	USygt46	Twin1	16	DZ	Female	21	NA
TS163.418636	TAACAGTCGCTG	GGACTACHVGGGTWTCTAAT	USA	Missouri born	USts47	Twin1	25	MZ	Female	23	NA
USygt3.M.418496	TACGCGCTGAGA	GGACTACHVGGGTWTCTAAT	USA	StLouisArea	USygt3	Mother	41	NA	Female	26	NA
USinfTw2.2.418678	GTCTATCGGAGT	GGACTACHVGGGTWTCTAAT	USA	StLouis	USinfTw2	Twin2	0,08	MZ	Male	NA	No _Formula-fed_
TS14.418541	GTATATCCGCAG	GGACTACHVGGGTWTCTAAT	USA	Missouri born	USts5	Twin2	27	MZ	Female	21	NA
USygt41.T1.418847	TACTTACTGCAG	GGACTACHVGGGTWTCTAAT	USA	StLouisArea	USygt41	Twin1	15	DZ	Female	29	NA
USinfTw15.2.418748	GTCTGACAGTTG	GGACTACHVGGGTWTCTAAT	USA	StLouis	USinfTw15	Twin2	0,67	unknown	Female	NA	No _Formula-fed_
USchp25Child.418345	GGCTATGACATC	GGACTACHVGGGTWTCTAAT	USA	Philadelphia	USchp25	Child	6	NA	Male	19,1	NA
USinfTw13.1.418775	GGCAGTGTATCG	GGACTACHVGGGTWTCTAAT	USA	StLouis	USinfTw13	NA	0,58	MZ	Female	NA	No _Formula-fed_
USygt45.T1.418763	GTAGTGTCTAGC	GGACTACHVGGGTWTCTAAT	USA	StLouisArea	USygt45	Twin1	16	MZ	Male	19	NA
USygt15.F.418688	TAACTCTGATGC	GGACTACHVGGGTWTCTAAT	USA	StLouisArea	USygt15	Father	48	NA	Male	29	NA
USygt19.M.418397	GTCTCTCTACGC	GGACTACHVGGGTWTCTAAT	USA	StLouisArea	USygt19	Mother	43	NA	Female	23	NA
USygt39.T2.418351	TAGCCTCTCTGC	GGACTACHVGGGTWTCTAAT	USA	StLouisArea	USygt39	Twin2	15	MZ	Female	21	NA
USygt14.T2.418813	GTATGACTGGCT	GGACTACHVGGGTWTCTAAT	USA	StLouisArea	USygt14	Twin2	14	DZ	Male	NA	NA
USygt50.F.418499	TACGCGCTGAGA	GGACTACHVGGGTWTCTAAT	USA	StLouisArea	USygt50	Father	54	NA	Male	28	NA
USygt50.M.418681	GTGACCTGATGT	GGACTACHVGGGTWTCTAAT	USA	StLouisArea	USygt50	Mother	50	NA	Female	24	NA
F3T2pre4.418583	GTACAAGAGTGA	GGACTACHVGGGTWTCTAAT	USA	StLouis	F3	Twin2	23	MZ	Female	23	NA
USygt52.F.418555	GCTGTGTAGGAC	GGACTACHVGGGTWTCTAAT	USA	StLouisArea	USygt52	Father	47	NA	Male	28	NA
USygt45.T2.418535	GTCGCTGTCTTC	GGACTACHVGGGTWTCTAAT	USA	StLouisArea	USygt45	Twin2	16	MZ	Male	18,5	NA
USygt30.F.418729	TAGCGGATCACG	GGACTACHVGGGTWTCTAAT	USA	StLouisArea	USygt30	Father	50	NA	Male	28	NA
USinfTw15.1.418587	GTCACGACTATT	GGACTACHVGGGTWTCTAAT	USA	StLouis	USinfTw15	Twin1	0,67	unknown	Female	NA	No _Formula-fed_
USygt25.T1.418406	GTGTGTGTCAGG	GGACTACHVGGGTWTCTAAT	USA	StLouisArea	USygt25	Twin1	14	DZ	Male	20	NA
USygt20.M.418572	TAGCTCGTAACT	GGACTACHVGGGTWTCTAAT	USA	StLouisArea	USygt20	Mother	43	NA	Female	23	NA
USchp4Mom.418666	TACATCACCACA	GGACTACHVGGGTWTCTAAT	USA	Philadelphia	USchp4	Mother	35	NA	Female	47	NA
TS184.418577	GCTTCATAGTGT	GGACTACHVGGGTWTCTAAT	USA	Missouri born	USts52	Twin1	24	MZ	Female	21	NA
USchp35Mom.418515	TAGAGAGAGTGG	GGACTACHVGGGTWTCTAAT	USA	Philadelphia	USchp35	Mother	44	NA	Female	27,4	NA
USygt43.M.418520	GTCTGGATAGCG	GGACTACHVGGGTWTCTAAT	USA	StLouisArea	USygt43	Mother	48	NA	Female	24	NA
USygt21.T2.418484	GTAGAGCTGTTC	GGACTACHVGGGTWTCTAAT	USA	StLouisArea	USygt21	Twin2	15	DZ	Male	19	NA
USinfTw4.2.418348	TAGCGACATCTG	GGACTACHVGGGTWTCTAAT	USA	StLouis	USinfTw4	Twin2	0,17	MZ	Female	NA	Yes
USygt17.M.418444	TACACACATGGC	GGACTACHVGGGTWTCTAAT	USA	StLouisArea	USygt17	Mother	43	NA	Female	27	NA
USinfTw12.1.418649	TACTGGACGCGA	GGACTACHVGGGTWTCTAAT	USA	StLouis	USinfTw12	Twin1	0,5	DZ	Female	NA	No _Formula-fed_
USygt49.T2.418670	GGACGTCACAGT	GGACTACHVGGGTWTCTAAT	USA	StLouisArea	USygt49	Twin2	14	DZ	Female	19	NA
USygt31.M.418440	TAGACTGTACTC	GGACTACHVGGGTWTCTAAT	USA	StLouisArea	USygt31	Mother	41	NA	Female	26	NA
USinfTw20.2.418696	TACAGTCTCATG	GGACTACHVGGGTWTCTAAT	USA	StLouis	USinfTw20	Twin2	0,08	MZ	Male	NA	Yes
USinfTw13.2.418343	GTAGAGCTGTTC	GGACTACHVGGGTWTCTAAT	USA	StLouis	USinfTw13	NA	0,58	MZ	Female	NA	No _Formula-fed_
USygt13.T1.418495	GTATGCGCTGTA	GGACTACHVGGGTWTCTAAT	USA	StLouisArea	USygt13	Twin1	14	DZ	Male	20	NA
USygt28.T1.418827	GGACGTCACAGT	GGACTACHVGGGTWTCTAAT	USA	StLouisArea	USygt28	Twin1	16	DZ	Female	21	NA
USchp36Infant.418576	TACTAATCTGCG	GGACTACHVGGGTWTCTAAT	USA	Philadelphia	USchp36	Child	1	NA	Male	18,3	NA
USygt8.F.418739	TAGCATCGTGGT	GGACTACHVGGGTWTCTAAT	USA	StLouisArea	USygt8	Father	37	NA	Male	32	NA
USygt27.M.418861	TAGCGACATCTG	GGACTACHVGGGTWTCTAAT	USA	StLouisArea	USygt27	Mother	46	NA	Female	21	NA
USygt40.M.418504	GTGTGCTATCAG	GGACTACHVGGGTWTCTAAT	USA	StLouisArea	USygt40	Mother	49	NA	Female	24	NA
USchp18Child.418782	TAGACTGTACTC	GGACTACHVGGGTWTCTAAT	USA	Philadelphia	USchp18	Child	3	NA	Female	16,4	NA
USygt24.T1.418841	GTAGATGCTTCG	GGACTACHVGGGTWTCTAAT	USA	StLouisArea	USygt24	Twin1	14	MZ	Female	17	NA
USygt39.F.418756	GTCGACTCCTCT	GGACTACHVGGGTWTCTAAT	USA	StLouisArea	USygt39	Father	46	NA	Male	32	NA
USygt9.T2.418652	TACGGTATGTCT	GGACTACHVGGGTWTCTAAT	USA	StLouisArea	USygt9	Twin2	16	DZ	Male	19	NA
USygt1.T1.418417	GCTGTAGTATGC	GGACTACHVGGGTWTCTAAT	USA	StLouisArea	USygt1	Twin1	14	MZ	Female	18,5	NA
USygt52.M.418736	GTAGCTGACGCA	GGACTACHVGGGTWTCTAAT	USA	StLouisArea	USygt52	Mother	43	NA	Female	20	NA
USygt49.M.418347	TAGTCGTCTAGT	GGACTACHVGGGTWTCTAAT	USA	StLouisArea	USygt49	Mother	44	NA	Female	35	NA
TS164.418396	TACGTGTACGTG	GGACTACHVGGGTWTCTAAT	USA	Missouri born	USts47	Twin2	25	MZ	Female	23	NA
USBldChld4.418528	GTATCCATGCGA	GGACTACHVGGGTWTCTAAT	USA	Boulder	USAbld_NA	Child	6	NA	Female	15,5	NA
USygt46.T2.418679	GTTGACGACAGC	GGACTACHVGGGTWTCTAAT	USA	StLouisArea	USygt46	Twin2	16	DZ	Male	25	NA
USBldChld7.418488	TAACAGTCGCTG	GGACTACHVGGGTWTCTAAT	USA	Boulder	USAbld_NA	Child	3	NA	Female	15,4	NA
USygt17.T1.418600	GTCTCATGTAGG	GGACTACHVGGGTWTCTAAT	USA	StLouisArea	USygt17	Twin1	14	DZ	Male	18,5	NA
USygt1.M.418373	GTAGTGTCTAGC	GGACTACHVGGGTWTCTAAT	USA	StLouisArea	USygt1	Mother	54	NA	Female	27	NA
USygt42.M.418663	TACGATGACCAC	GGACTACHVGGGTWTCTAAT	USA	StLouisArea	USygt42	Mother	45	NA	Female	22	NA
USygt33.M.418638	GTGTCTACATTG	GGACTACHVGGGTWTCTAAT	USA	StLouisArea	USygt33	Mother	47	NA	Female	21	NA
USygt37.T1.418580	GTGCACATTATC	GGACTACHVGGGTWTCTAAT	USA	StLouisArea	USygt37	Twin1	16	DZ	Female	31	NA
TS1.418828	GGTCGTAGCGTA	GGACTACHVGGGTWTCTAAT	USA	Missouri born	USts1	Twin1	28	MZ	Female	NA	NA
USinfTw9.2.418769	GTAGACTGCGTG	GGACTACHVGGGTWTCTAAT	USA	StLouis	USinfTw9	Twin2	0,42	DZ	Female	NA	No _Formula-fed_
USygt4.T2.418732	GCTGTGTAGGAC	GGACTACHVGGGTWTCTAAT	USA	StLouisArea	USygt4	Twin2	15	MZ	Male	21	NA
USygt51.T1.418476	GTTAGAGCACTC	GGACTACHVGGGTWTCTAAT	USA	StLouisArea	USygt51	Twin1	16	DZ	Female	15	NA
USygt15.T1.418779	TAGCGACATCTG	GGACTACHVGGGTWTCTAAT	USA	StLouisArea	USygt15	Twin1	16	DZ	Female	21	NA
USchp60Child.418703	GTTCGCGTATAG	GGACTACHVGGGTWTCTAAT	USA	Philadelphia	USchp60	Child	1	NA	Male	13,8	NA
USBldChld5.418733	GTCGTGTGTCAA	GGACTACHVGGGTWTCTAAT	USA	Boulder	USAbld_NA	Child	3	NA	Male	16,4	NA
USchp4Infant.418833	GTGTTGCAGCAT	GGACTACHVGGGTWTCTAAT	USA	Philadelphia	USchp4	Child	1	NA	Female	14,2	NA
USygt11.M.418479	GCTTCATAGTGT	GGACTACHVGGGTWTCTAAT	USA	StLouisArea	USygt11	Mother	46	NA	Female	21	NA
USygt12.T1.418615	GTACAAGAGTGA	GGACTACHVGGGTWTCTAAT	USA	StLouisArea	USygt12	Twin1	13	DZ	Male	23	NA
USygt37.T2.418585	TAGCTCGTAACT	GGACTACHVGGGTWTCTAAT	USA	StLouisArea	USygt37	Twin2	16	DZ	Female	28	NA
USygt16.T1.418527	TACTAATCTGCG	GGACTACHVGGGTWTCTAAT	USA	StLouisArea	USygt16	Twin1	13	DZ	Male	18,5	NA
USygt16.M.418462	TAGCCTCTCTGC	GGACTACHVGGGTWTCTAAT	USA	StLouisArea	USygt16	Mother	42	NA	Female	30	NA
USygt32.T2.418437	TAGCATCGTGGT	GGACTACHVGGGTWTCTAAT	USA	StLouisArea	USygt32	Twin2	16	DZ	Male	22	NA
USygt44.F.418709	TACTTCGCTCGC	GGACTACHVGGGTWTCTAAT	USA	StLouisArea	USygt44	Father	44	NA	Male	36	NA
USygt36.T2.418655	GTTAGAGCACTC	GGACTACHVGGGTWTCTAAT	USA	StLouisArea	USygt36	Twin2	13	MZ	Female	19	NA
USygt12.T2.418790	TAGCCTCTCTGC	GGACTACHVGGGTWTCTAAT	USA	StLouisArea	USygt12	Twin2	13	DZ	Male	18,5	NA
USygt41.F.418802	GGCGACATGTAC	GGACTACHVGGGTWTCTAAT	USA	StLouisArea	USygt41	Father	44	NA	Male	24	NA
USygt3.T1.418429	GTTGACGACAGC	GGACTACHVGGGTWTCTAAT	USA	StLouisArea	USygt3	Twin1	14	MZ	Female	19	NA
USygt32.S1.418608	TAGTCGTCTAGT	GGACTACHVGGGTWTCTAAT	USA	StLouisArea	USygt32	Sister1	8	NA	Female	25	NA
USygt30.T1.418821	TACACACATGGC	GGACTACHVGGGTWTCTAAT	USA	StLouisArea	USygt30	Twin1	14	DZ	Female	21	NA
USygt24.T2.418363	GTCATATCGTAC	GGACTACHVGGGTWTCTAAT	USA	StLouisArea	USygt24	Twin2	14	MZ	Female	17	NA
USygt44.T1.418626	GTACGGCATACG	GGACTACHVGGGTWTCTAAT	USA	StLouisArea	USygt44	Twin1	15	MZ	Male	17	NA
USygt10.T2.418815	GTCTACACACAT	GGACTACHVGGGTWTCTAAT	USA	StLouisArea	USygt10	Twin2	16	DZ	Male	25	NA
F3T1pre4.418699	GCTTCATAGTGT	GGACTACHVGGGTWTCTAAT	USA	StLouis	F3	Twin1	23	MZ	Female	21	NA
USygt9.B1.418824	GCTTACATCGAG	GGACTACHVGGGTWTCTAAT	USA	StLouisArea	USygt9	Brother1	10	NA	Male	16	NA
F4T2pre4.418418	GTCTACACACAT	GGACTACHVGGGTWTCTAAT	USA	StLouis	F4	Twin2	23	MZ	Female	23	NA
TS109.418691	TAGCACACCTAT	GGACTACHVGGGTWTCTAAT	USA	Missouri born	USts32	Twin1	28	DZ	Female	23	NA
USchp1Mom.418814	GTAGCAACGTCT	GGACTACHVGGGTWTCTAAT	USA	Philadelphia	USchp1	Mother	24	NA	Female	24,9	NA
USygt42.F.418628	TAGATAGCAGGA	GGACTACHVGGGTWTCTAAT	USA	StLouisArea	USygt42	Father	46	NA	Male	33	NA
USygt8.T2.418755	TAACAGTCGCTG	GGACTACHVGGGTWTCTAAT	USA	StLouisArea	USygt8	Twin2	15	DZ	Male	18,5	NA
USinfTw9.1.418845	GGATCGCAGATC	GGACTACHVGGGTWTCTAAT	USA	StLouis	USinfTw9	Twin1	0,42	DZ	Female	NA	No _Formula-fed_
USygt26.M.418352	GTAGCAACGTCT	GGACTACHVGGGTWTCTAAT	USA	StLouisArea	USygt26	Mother	50	NA	Female	27	NA
Amz24chld.418412	GTTGTATACTCG	GGACTACHVGGGTWTCTAAT	Venezuela	Platanillal	AmzP_NA	NA	7	NA	NA	14,2	NA
Amz15chld.418538	GTACAAGAGTGA	GGACTACHVGGGTWTCTAAT	Venezuela	Platanillal	AmzP_NA	NA	1,5	NA	NA	NA	Yes
AmzC28chldM.418506	TAGCTGAGTCCA	GGACTACHVGGGTWTCTAAT	Venezuela	Coromoto	AmzC_NA	NA	11	NA	Male	18,5	NA
AmzC6chldM2.418719	TAGCTCGTAACT	GGACTACHVGGGTWTCTAAT	Venezuela	Coromoto	AmzC6	Son	7	NA	Male	16,2	NA
AmzC33adltF.418672	GTCATTCACGAG	GGACTACHVGGGTWTCTAAT	Venezuela	Coromoto	AmzC_NA	NA	NA	NA	Female	27,3	NA
AmzC7chldM.418599	TACAGATGGCTC	GGACTACHVGGGTWTCTAAT	Venezuela	Coromoto	AmzC7	Son	10	NA	Male	17,1	NA
AmzC6chldM1.418778	GGTATACGCAGC	GGACTACHVGGGTWTCTAAT	Venezuela	Coromoto	AmzC6	Son	4	NA	Male	16,3	NA
AmzC30adltF.418737	GTAGATGCTTCG	GGACTACHVGGGTWTCTAAT	Venezuela	Coromoto	AmzC_NA	NA	38	NA	Female	32	NA
AmzC1babyF1.418864	GTAGACTGCGTG	GGACTACHVGGGTWTCTAAT	Venezuela	Coromoto	AmzC1	Cousin	NA	NA	Female	17,6	NA
Amz29adlt.418370	TACGGTATGTCT	GGACTACHVGGGTWTCTAAT	Venezuela	Platanillal	AmzP_NA	NA	39	NA	Male	27,2	NA
Amz7adltF.418395	TAAGCGCAGCAC	GGACTACHVGGGTWTCTAAT	Venezuela	Platanillal	AmzP7	DaughterAdlt	29	NA	Female	24,2	NA
Amz3chldM2.418434	GTCGCTGTCTTC	GGACTACHVGGGTWTCTAAT	Venezuela	Platanillal	AmzP3	Brother	4	NA	Male	16,7	NA
AmzC27teenF.418647	GTGTGCTATCAG	GGACTACHVGGGTWTCTAAT	Venezuela	Coromoto	AmzC_NA	NA	12	NA	Female	21	NA
Amz9baby.418635	TACGTGTACGTG	GGACTACHVGGGTWTCTAAT	Venezuela	Platanillal	AmzP_NA	NA	0,42	NA	Male	14,2	Yes
Amz22chld.418485	GGTCACTGACAG	GGACTACHVGGGTWTCTAAT	Venezuela	Platanillal	AmzP_NA	NA	6	NA	Female	14,7	NA
Amz5eldF.418421	GTGTACCTATCA	GGACTACHVGGGTWTCTAAT	Venezuela	Platanillal	AmzP5	Grandmother	73	NA	Female	22	NA
Amz34eld.418382	TACTGCGACAGT	GGACTACHVGGGTWTCTAAT	Venezuela	Platanillal	AmzP_NA	NA	74	NA	Male	NA	NA
AmzC2chldM1.418776	GTAGCGCGAGTT	GGACTACHVGGGTWTCTAAT	Venezuela	Coromoto	AmzC2	Brother	2	NA	Male	17	Yes
AmzC11adltF1.418359	GTTCGCGTATAG	GGACTACHVGGGTWTCTAAT	Venezuela	Coromoto	AmzC11	SisterAdlt	37	NA	Female	39	NA
Amz33eld.418866	GTACGGCATACG	GGACTACHVGGGTWTCTAAT	Venezuela	Platanillal	AmzP_NA	NA	66	NA	Female	19	NA
AmzC2adltF.418621	TACATCACCACA	GGACTACHVGGGTWTCTAAT	Venezuela	Coromoto	AmzC2	Mother	24	NA	Female	31,7	NA
AmzC16chldM.418509	TAGAGAGAGTGG	GGACTACHVGGGTWTCTAAT	Venezuela	Coromoto	AmzC_NA	NA	3	NA	Male	15,4	NA
Amz18chld.418680	GTCTCATGTAGG	GGACTACHVGGGTWTCTAAT	Venezuela	Platanillal	AmzP_NA	NA	3	NA	Female	14,2	NA
Amz25chld.418466	GTCTATCGGAGT	GGACTACHVGGGTWTCTAAT	Venezuela	Platanillal	AmzP_NA	NA	8	NA	NA	15,2	NA
AmzC25teenF.418537	GTCACGACTATT	GGACTACHVGGGTWTCTAAT	Venezuela	Coromoto	AmzC_NA	NA	12	NA	Female	16,2	NA
Amz10baby.418545	GTATGACTGGCT	GGACTACHVGGGTWTCTAAT	Venezuela	Platanillal	AmzP_NA	NA	0,5	NA	NA	19	Yes
AmzC5chldF.418839	TAGTGCTGCGTA	GGACTACHVGGGTWTCTAAT	Venezuela	Coromoto	AmzC5	Daughter	2	NA	Female	16,8	Yes
Amz17chld.418460	TAACAGTCGCTG	GGACTACHVGGGTWTCTAAT	Venezuela	Platanillal	AmzP_NA	NA	2	NA	Male	15,9	Yes
Amz5chldF1.418757	GTATATCCGCAG	GGACTACHVGGGTWTCTAAT	Venezuela	Platanillal	AmzP5	Sister	9	NA	Female	14,1	NA
AmzC11adltF2.418843	TACTTCGCTCGC	GGACTACHVGGGTWTCTAAT	Venezuela	Coromoto	AmzC11	SisterAdlt	23	NA	Female	28,3	NA
AmzC9adltF.418726	GTGACTGCGGAT	GGACTACHVGGGTWTCTAAT	Venezuela	Coromoto	AmzC9	Daughter	29	NA	Female	31,7	NA
Amz12inf.418624	TAGATCCTCGAT	GGACTACHVGGGTWTCTAAT	Venezuela	Platanillal	AmzP_NA	NA	1	NA	NA	15,6	Yes
Amz28chld.418508	TACACACATGGC	GGACTACHVGGGTWTCTAAT	Venezuela	Platanillal	AmzP_NA	NA	11	NA	NA	15,9	NA
AmzC19chldM.418646	TAACTCTGATGC	GGACTACHVGGGTWTCTAAT	Venezuela	Coromoto	AmzC_NA	NA	2	NA	Male	NA	Yes
Amz16chld.418563	GTCGTAGCCAGA	GGACTACHVGGGTWTCTAAT	Venezuela	Platanillal	AmzP_NA	NA	1,7	NA	Male	16	Yes
AmzC24chldM.418746	GTAGAGCTGTTC	GGACTACHVGGGTWTCTAAT	Venezuela	Coromoto	AmzC_NA	NA	11	NA	Male	15	NA
Amz6chldM.418668	GTGCAATCGACG	GGACTACHVGGGTWTCTAAT	Venezuela	Platanillal	AmzP6	Son	11	NA	Male	NA	NA
AmzC8adltM.418389	GTCATATCGTAC	GGACTACHVGGGTWTCTAAT	Venezuela	Coromoto	AmzC8	Father	83	NA	Male	34,9	NA
Amz2adltF.418633	TAGCATCGTGGT	GGACTACHVGGGTWTCTAAT	Venezuela	Platanillal	AmzP2	Mother	35	NA	Female	NA	NA
Amz5teenF.418519	TAACTCTGATGC	GGACTACHVGGGTWTCTAAT	Venezuela	Platanillal	AmzP5	Sister	18	NA	Female	20,7	NA
Amz21chld.418413	GTACTCTAGACT	GGACTACHVGGGTWTCTAAT	Venezuela	Platanillal	AmzP_NA	NA	5	NA	NA	15,4	NA
Amz6teen.418569	GTATGCGCTGTA	GGACTACHVGGGTWTCTAAT	Venezuela	Platanillal	AmzP6	Granddaughter	14	NA	Female	26,7	NA
AmzC10adltF1.418809	TAGTGTGCTTCA	GGACTACHVGGGTWTCTAAT	Venezuela	Coromoto	AmzC10	SisterAdlt	22	NA	Female	36	NA
AmzC32adltF.418671	TACAGTCTCATG	GGACTACHVGGGTWTCTAAT	Venezuela	Coromoto	AmzC_NA	NA	20	NA	Female	NA	NA
Amz26chld.418481	TAGCCTCTCTGC	GGACTACHVGGGTWTCTAAT	Venezuela	Platanillal	AmzP_NA	NA	9	NA	NA	15,9	NA
Amz6eldF.418597	GTGAGGTCGCTA	GGACTACHVGGGTWTCTAAT	Venezuela	Platanillal	AmzP6	Grandmother	60	NA	Female	33,3	NA
AmzC26chldF.418710	GTCTGACAGTTG	GGACTACHVGGGTWTCTAAT	Venezuela	Coromoto	AmzC_NA	NA	11	NA	Female	24	NA
Amz32eldF.418511	GCTTGCGAGACA	GGACTACHVGGGTWTCTAAT	Venezuela	Platanillal	AmzP_NA	NA	56	NA	Female	16,6	NA
Amz30adlt.418837	TACTAATCTGCG	GGACTACHVGGGTWTCTAAT	Venezuela	Platanillal	AmzP_NA	NA	45	NA	NA	24,8	NA
Amz23chld.418722	TAGCACACCTAT	GGACTACHVGGGTWTCTAAT	Venezuela	Platanillal	AmzP_NA	NA	7	NA	NA	15,9	NA
AmzC15infF.418468	GTGTCTACATTG	GGACTACHVGGGTWTCTAAT	Venezuela	Coromoto	AmzC_NA	NA	0,75	NA	Male	14	Yes
Amz3chldM1.418601	GCTTCATAGTGT	GGACTACHVGGGTWTCTAAT	Venezuela	Platanillal	AmzP3	Brother	3	NA	Male	14,8	NA
AmzC3babyF.418526	GTCCATAGCTAG	GGACTACHVGGGTWTCTAAT	Venezuela	Coromoto	AmzC3	Daughter	0,5	NA	Female	17,2	Yes
AmzC31adltF.418549	TAGTCGTCTAGT	GGACTACHVGGGTWTCTAAT	Venezuela	Coromoto	AmzC_NA	NA	21	NA	Female	30,4	NA
AmzC4chldF.418677	GTGACCTGATGT	GGACTACHVGGGTWTCTAAT	Venezuela	Coromoto	AmzC4	Daughter	1	NA	Female	19,3	Yes
AmzC11adltF3.418391	GGCGTACTGATG	GGACTACHVGGGTWTCTAAT	Venezuela	Coromoto	AmzC11	Mother	60	NA	Female	25,4	NA
AmzC18chldM.418443	GTGCACATTATC	GGACTACHVGGGTWTCTAAT	Venezuela	Coromoto	AmzC_NA	NA	1	NA	Male	16,6	Yes
AmzC2babyF.418803	GGCTATGACATC	GGACTACHVGGGTWTCTAAT	Venezuela	Coromoto	AmzC2	Sister	0,42	NA	Female	17,3	Yes
Amz7eldM.418423	GCTGTAGTATGC	GGACTACHVGGGTWTCTAAT	Venezuela	Platanillal	AmzP7	FatherAdlt	53	NA	Male	26,1	NA
AmzC2chldM2.418482	GTCGACTCCTCT	GGACTACHVGGGTWTCTAAT	Venezuela	Coromoto	AmzC2	Brother	4	NA	Male	15,8	NA
Amz20chld.418556	GTTGACGACAGC	GGACTACHVGGGTWTCTAAT	Venezuela	Platanillal	AmzP_NA	NA	4	NA	NA	16,2	NA
AmzC29adltF.418659	TAGATAGCAGGA	GGACTACHVGGGTWTCTAAT	Venezuela	Coromoto	AmzC_NA	NA	38	NA	Female	33,2	NA
Amz2infF.418430	GTATCCATGCGA	GGACTACHVGGGTWTCTAAT	Venezuela	Platanillal	AmzP2	Daughter	1	NA	Female	NA	Yes
AmzC17chldM.418400	TACACGATCTAC	GGACTACHVGGGTWTCTAAT	Venezuela	Coromoto	AmzC_NA	NA	1	NA	Male	16,3	Yes
AmzC12chldM.418512	TAGCGGATCACG	GGACTACHVGGGTWTCTAAT	Venezuela	Coromoto	AmzC12	Son	4	NA	Male	18,7	NA
AmzC21chldM.418442	TACTGGACGCGA	GGACTACHVGGGTWTCTAAT	Venezuela	Coromoto	AmzC_NA	NA	1	NA	Male	15,7	Yes
AmzC8chldF.418522	TACTTACTGCAG	GGACTACHVGGGTWTCTAAT	Venezuela	Coromoto	AmzC8	Daughter	11	NA	Female	16	NA
Amz31adlt.418759	GGTCGTAGCGTA	GGACTACHVGGGTWTCTAAT	Venezuela	Platanillal	AmzP_NA	NA	49	NA	NA	26,9	NA
AmzC13babyF.418665	GGATCGCAGATC	GGACTACHVGGGTWTCTAAT	Venezuela	Coromoto	AmzC_NA	NA	0,33	NA	Female	NA	Yes
Amz3chldF3.418426	TAGCGACATCTG	GGACTACHVGGGTWTCTAAT	Venezuela	Platanillal	AmzP3	Sister	10	NA	Female	18,7	NA
AmzC20chldM.418602	TACTAATCTGCG	GGACTACHVGGGTWTCTAAT	Venezuela	Coromoto	AmzC_NA	NA	2	NA	Male	14,6	Yes
Amz4adltF.418711	GTCGTGTGTCAA	GGACTACHVGGGTWTCTAAT	Venezuela	Platanillal	AmzP4	Mother	28	NA	Female	27	NA
AmzC5adltF.418439	GTGTGTGTCAGG	GGACTACHVGGGTWTCTAAT	Venezuela	Coromoto	AmzC5	Mother	20	NA	Female	25	NA
Amz6eldM.418356	GCTGTGTAGGAC	GGACTACHVGGGTWTCTAAT	Venezuela	Platanillal	AmzP6	Father	80	NA	Male	26,3	NA
Amz5chldF2.418405	GTCTACACACAT	GGACTACHVGGGTWTCTAAT	Venezuela	Platanillal	AmzP5	Sister	11	NA	Female	16,5	NA
Amz1baby.418645	GCTTACATCGAG	GGACTACHVGGGTWTCTAAT	Venezuela	Platanillal	AmzP1	Brother	0,25	NA	Male	NA	Yes
AmzC3adltM.418849	GTAGCAACGTCT	GGACTACHVGGGTWTCTAAT	Venezuela	Coromoto	AmzC3	Grandfather	66	NA	Male	NA	NA
AmzC10adltF2.418591	TAGACTGTACTC	GGACTACHVGGGTWTCTAAT	Venezuela	Coromoto	AmzC10	SisterAdlt	24	NA	Female	41	NA
AmzC22chldM.418704	GTAGCTGACGCA	GGACTACHVGGGTWTCTAAT	Venezuela	Coromoto	AmzC_NA	NA	5	NA	Male	14,9	NA
Amz11inf.418832	GTGATAGTGCCG	GGACTACHVGGGTWTCTAAT	Venezuela	Platanillal	AmzP_NA	NA	1	NA	Male	15,4	Yes
AmzC3adltF.418561	GTCTGGATAGCG	GGACTACHVGGGTWTCTAAT	Venezuela	Coromoto	AmzC3	Mother	33	NA	Female	25,7	NA
AmzC12adltF.418473	GTCTTCGTCGCT	GGACTACHVGGGTWTCTAAT	Venezuela	Coromoto	AmzC12	Mother	40	NA	Female	27,2	NA
Amz1teenF.418404	GTATGTTGCTCA	GGACTACHVGGGTWTCTAAT	Venezuela	Platanillal	AmzP1	Sister	15	NA	Female	24,7	NA
AmzC1babyF2.418461	GTCAACGCGATG	GGACTACHVGGGTWTCTAAT	Venezuela	Coromoto	AmzC1	Cousin	0,42	NA	Female	18,2	Yes
Amz14chld.418565	TACGCGCTGAGA	GGACTACHVGGGTWTCTAAT	Venezuela	Platanillal	AmzP_NA	NA	1,2	NA	Female	15,2	Yes
Amz5chldM.418822	TACTACATGGTC	GGACTACHVGGGTWTCTAAT	Venezuela	Platanillal	AmzP5	Brother	11	NA	Male	19,5	NA
AmzC3chldM.418539	TACCGCTAGTAG	GGACTACHVGGGTWTCTAAT	Venezuela	Coromoto	AmzC3	Son	2	NA	Male	16,7	Yes
AmzC7adltF.418582	GGCGACATGTAC	GGACTACHVGGGTWTCTAAT	Venezuela	Coromoto	AmzC7	Mother	38	NA	Female	31,6	NA
AmzC14infF.418354	GTCTCTCTACGC	GGACTACHVGGGTWTCTAAT	Venezuela	Coromoto	AmzC_NA	NA	0,92	NA	Female	16,3	Yes
Amz4chldM1.418767	GTGCACATTATC	GGACTACHVGGGTWTCTAAT	Venezuela	Platanillal	AmzP4	Son	5	NA	Male	17,4	NA
AmzC23chldM.418498	GGCAGTGTATCG	GGACTACHVGGGTWTCTAAT	Venezuela	Coromoto	AmzC_NA	NA	4	NA	Male	14,3	NA
AmzC4adltF.418372	TACGATGACCAC	GGACTACHVGGGTWTCTAAT	Venezuela	Coromoto	AmzC4	Mother	31	NA	Female	34,9	NA
AmzC5chldM.418590	GTTAGAGCACTC	GGACTACHVGGGTWTCTAAT	Venezuela	Coromoto	AmzC5	Son	1	NA	Male	17,9	Yes
Amz4chldM2.418774	GGTGCGTGTATG	GGACTACHVGGGTWTCTAAT	Venezuela	Platanillal	AmzP4	Son	6	NA	Male	18,2	NA
AmzC6adltF.418525	GTGTTGCAGCAT	GGACTACHVGGGTWTCTAAT	Venezuela	Coromoto	AmzC6	Mother	24	NA	Female	28,2	NA
Amz19chld.418410	GTAGTGTCTAGC	GGACTACHVGGGTWTCTAAT	Venezuela	Platanillal	AmzP_NA	NA	4	NA	NA	16,3	NA
Amz13chld.418761	GTGGCGATACAC	GGACTACHVGGGTWTCTAAT	Venezuela	Platanillal	AmzP_NA	NA	1,2	NA	Female	15,8	Yes
AmzC4chldM.418557	TAGCCTCTCTGC	GGACTACHVGGGTWTCTAAT	Venezuela	Coromoto	AmzC4	Daughter	1	NA	Male	14,9	Yes
Amz27chld.418705	GGACGTCACAGT	GGACTACHVGGGTWTCTAAT	Venezuela	Platanillal	AmzP_NA	NA	9	NA	NA	15,9	NA
AmzC9adltM.418480	TAGGTATCTCAC	GGACTACHVGGGTWTCTAAT	Venezuela	Coromoto	AmzC9	Father	60	NA	Male	23,3	NA
